artist,song,year
Faith Hill,Breathe,2000
Santana & The Product G,Maria Maria,2000
Joe Thomas,I Wanna Know,2000
Aaliyah,Try Again,2000
Toni Braxton,He Wasn't Man Enough,2000
Rob Thomas & Santana,Smooth,2000
Vertical Horizon,Everything You Want,2000
Destiny's Child,Say My Name,2000
Lonestar,Amazed,2000
Matchbox Twenty,Bent,2000
Madonna,Music,2000
Sisqo,Thong Song,2000
Three Doors Down,Kryptonite,2000
Destiny's Child,Jumpin' Jumpin',2000
Creed,Higher,2000
Pink,There You Go,2000
Sonique,It Feels So Good,2000
Marc Anthony,You Sang To Me,2000
Macy Gray,I Try,2000
N Sync,"Bye, Bye, Bye",2000
Janet Jackson,Doesn't Really Matter,2000
Nelly,(Hot S**t) Country Grammar,2000
Creed,With Arms Wide Open,2000
Savage Garden,I Knew I Loved You,2000
N Sync,It's Gonna Be Me,2000
Christina Aguilera,What A Girl Wants,2000
Montell Jordan,Get It On Tonite,2000
The Backstreet Boys,Show Me The Meaning Of Being Lonely,2000
Sisqo,Incomplete,2000
Eminem,The Real Slim Shady,2000
Sting & Cheb Mami,Desert Rose,2000
Britney Spears,Oops!... I Did It Again,2000
Christina Aguilera,Come On Over Baby (All I Want Is You),2000
Enrique Iglesias,Be With You,2000
Celine Dion,That's The Way It Is,2000
Faith Hill,The Way You Love Me,2000
Ruff Endz,No More,2000
BBMak,Back Here,2000
Nine Days,Absolutely (Story Of A Girl),2000
Bon Jovi,It's My Life,2000
Marc Anthony,I Need To Know,2000
Pink,Most Girls,2000
blink-182,All The Small Things,2000
Destiny's Child,Independent Woman,2000
Brian McKnight,Back At One,2000
Christina Aguilera,I Turn To You,2000
Samantha Mumba,Gotta Tell You,2000
Mya,Case Of The Ex (Whatcha Gonna Do),2000
Mariah Carey,Thank God I Found You,2000
Mary Mary,Shackles (Praise You),2000
LeAnn Rimes,I Need You,2000
Blaque,Bring It All To Me,2000
Next,Wifey,2000
Jagged Edge,Let's Get Married,2000
Third Eye Blind,Never Let You Go,2000
"Missy 'Misdemeanor' Elliott, NAS & Eve",Hot Boyz,2000
Eiffel 65,Blue (Da Ba Dee),2000
Red Hot Chili Peppers,Otherside,2000
Kandi,Don't Think I'm Not,2000
98 Degrees,Give Me Just One Night,2000
Everclear,Wonderful,2000
Madonna,American Pie,2000
Dr Dre & Snoop Dogg,The Next Episode,2000
"Dr Dre, Eminem & Skylar Grey",Forgot About Dre,2000
Mystikal,Shake Ya Ass,2000
SoulDecision & Thrust,Faded,2000
Debelah Morgan,Dance With Me,2000
Son By Four,Purest Of Pain (A Puro Dolor),2000
Whitney Houston & Enrique Iglesias,Could I Have This Kiss Forever,2000
The Backstreet Boys,Shape Of My Heart,2000
Erykah Badu,Bag Lady,2000
N Sync,This I Promise You,2000
Jay-Z & UGK,Big Pimpin',2000
Ricky Martin,She Bangs,2000
Baha Men,Who Let The Dogs Out?,2000
Britney Spears,Lucky,2000
Savage Garden,Crash & Burn,2000
Avant,Separated,2000
Smash Mouth,Then The Morning Comes,2000
Carl Thomas,I Wish,2000
Anastacia,I'm Outta Love,2000
R Kelly,I Wish,2000
Bomfunk MCs,Freestyler,2000
Kid Rock,Only God Knows Why,2000
DMX,Party Up (Up In Here),2000
Lara Fabian,I Will Love Again,2000
Alice DeeJay,Better Off Alone,2000
Filter,Take A Picture,2000
Jessica Simpson,I Wanna Love You Forever,2000
Westlife,Swear It Again,2000
Jessica Simpson,I Think I'm In Love With You,2000
Bloodhound Gang,The Bad Touch,2000
Jo Dee Messina,That's The Way,2000
Vertical Horizon,You're A God,2000
Bow Wow,Bounce With Me,2000
Chad Brock,Yes!,2000
Jagged Edge,He Can't Love U,2000
Da Brat & Tyrese,What'chu Like,2000
U2,Beautiful Day,2000
Ja Rule & Christina Milian,Between Me & You,2000
Lifehouse,Hanging By A Moment,2001
Alicia Keys,Fallin',2001
Train,Drops Of Jupiter (Tell Me),2001
Eve & Gwen Stefani,Let Me Blow Ya Mind,2001
Shaggy,Angel,2001
Dido,Thank You,2001
Jennifer Lopez & Ja Rule,I'm Real,2001
Shaggy & Ricardo 'RikRok' Ducent,It Wasn't Me,2001
Mary J Blige,Family Affair,2001
"Christina Aguilera, Lil' Kim, Mya & Pink",Lady Marmalade (Voulez-Vous Coucher Aver Moi Ce Soir?),2001
Uncle Kracker,Follow Me,2001
Staind,It's Been Awhile,2001
Janet Jackson,All For You,2001
Blu Cantrell,Hit 'em Up Style (Oops!),2001
Usher,U Remind Me,2001
Nelly & City Spud,Ride Wit Me,2001
Crazy Town,Butterfly,2001
Jagged Edge & Nelly,Where The Party At,2001
Joe Thomas & Mystikal,Stutter,2001
Lenny Kravitz,Again,2001
Incubus,Drive,2001
Destiny's Child,Survivor,2001
City High,What Would You Do?,2001
Matchbox Twenty,If You're Gone,2001
112,Peaches 'n' Cream,2001
Jennifer Lopez,Love Don't Cost A Thing,2001
OutKast,Ms Jackson,2001
Nelly Furtado,I'm Like A Bird,2001
Missy 'Misdemeanor' Elliott,Get Ur Freak On,2001
Destiny's Child,Independent Woman,2001
Craig David,Fill Me In,2001
"Ja Rule, Lil' Mo & Vita",Put It On Me,2001
Enya,Only Time,2001
Destiny's Child,Bootylicious,2001
Nelly Furtado,Turn Off The Light,2001
Lee Ann Womack,I Hope You Dance,2001
Madonna,Don't Tell Me,2001
O-Town,All Or Nothing,2001
Ginuwine,Differences,2001
R Kelly & Jay-Z,Fiesta,2001
Moby & Gwen Stefani,South Side,2001
Janet Jackson,Someone To Call My Lover,2001
Ricky Martin & Christina Aguilera,Nobody Wants To Be Lonely,2001
Faith Hill,The Way You Love Me,2001
Toya,I Do,2001
Faith Hill,There You'll Be,2001
Enrique Iglesias,Hero,2001
K-Ci & JoJo,Crazy,2001
Aerosmith,Jaded,2001
Missy 'Misdemeanor' Elliott & Ludacris,One Minute Man,2001
Alien Ant Farm,Smooth Criminal,2001
Jennifer Lopez,Play,2001
Sugar Ray,When It's Over,2001
Usher,U Got It Bad,2001
Jay-Z,Izzo (Hova),2001
Dream,He Loves U Not,2001
S Club 7,Never Had A Dream Come True,2001
Case,Missing You,2001
Ja Rule & Case,Livin' It Up,2001
Michael Jackson,You Rock My World,2001
Nickelback,How You Remind Me,2001
Bow Wow,Bow Wow (That's My Name),2001
Jessica Simpson,Irresistible,2001
Gorillaz,Clint Eastwood,2001
Jagged Edge,Promise,2001
Daft Punk,One More Time,2001
Creed,With Arms Wide Open,2001
Mya,Case Of The Ex (Whatcha Gonna Do),2001
Sunshine Anderson,Heard It All Before,2001
Dave Matthews Band,The Space Between,2001
Mystikal & Nivea,Danger (Been So Long),2001
3LW,No More (Baby I'ma Do Right),2001
Tamia,Stranger In My House,2001
Eminem & Dido,Stan,2001
Musiq Soulchild,Love,2001
Guy Sebastian & Eve,Who's That Girl?,2001
LeAnn Rimes,Can't Fight The Moonlight,2001
Geri Halliwell,It's Raining Men,2001
Destiny's Child,Emotion,2001
Aaliyah,Rock The Boat,2001
Three Doors Down,Be Like That,2001
Michelle Branch,Everywhere,2001
Atomic Kitten,Whole Again,2001
OutKast,"So Fresh, So Clean",2001
The Backstreet Boys,More Than That,2001
Afroman,Because I Got High,2001
D12,Purple Pills,2001
Brooks & Dunn,Ain't Nothing 'Bout You,2001
Bubba Sparxxx,Ugly,2001
Lonestar,I'm Already There,2001
Three Doors Down,Kryptonite,2001
Evan & Jaron,Crazy For This Girl,2001
Blake Shelton,Austin,2001
Lil' Mo & Fabolous,Superwoman Pt. II,2001
Erick Sermon & Marvin Gaye,Music,2001
Trick Daddy,I'm A Thug,2001
112,It's Over Now,2001
The Isley Brothers & Ronald Isley,Contagious,2001
Petey Pablo,Raise Up,2001
Ludacris,Southern Hospitality,2001
"P Diddy, Usher & Loon",I Need A Girl,2002
Nickelback,How You Remind Me,2002
Vanessa Carlton,A Thousand Miles,2002
Ashanti,Foolish,2002
Nelly & Kelly Rowland,Dilemma,2002
Avril Lavigne,Complicated,2002
The Calling,Wherever You Will Go,2002
Nelly,Hot In Herre,2002
Eminem,Without Me,2002
Fat Joe & Ashanti,What's Luv?,2002
Puddle of Mudd,Blurry,2002
Linkin Park,In The End,2002
Jennifer Lopez & Ja Rule,Ain't It Funny,2002
Shakira,"Whenever, Wherever",2002
Ja Rule & Ashanti,Always On Time,2002
Jimmy Eat World,The Middle,2002
Chad Kroeger & Josey Scott,Hero,2002
Eve & Alicia Keys,Gangsta Lovin',2002
Pink,Get The Party Started,2002
Shakira,Underneath Your Clothes,2002
DJ Sammy & Yanou,Heaven,2002
Enrique Iglesias,Hero,2002
Jennifer Lopez,I'm Gonna Be Alright,2002
Usher,U Got It Bad,2002
Usher,U Don't Have To Call,2002
Creed,One Last Breath,2002
Pink,Don't Let Me Get Me,2002
Eminem,Cleanin' Out My Closet,2002
Michelle Branch,All You Wanted,2002
Default,Wasting My Time,2002
N Sync & Nelly,Girlfriend,2002
Kylie Minogue,Can't Get You Out Of My Head,2002
Sheryl Crow,Soak Up The Sun,2002
Pink,Just Like A Pill,2002
Missy 'Misdemeanor' Elliott,Work It,2002
Las Ketchup,The Ketchup Song (Asereje),2002
Enrique Iglesias,Escape,2002
Creed,My Sacrifice,2002
Ashanti,Happy,2002
No Doubt,Hey Baby,2002
Daniel Bedingfield,Gotta Get Thru This,2002
Eminem,Lose Yourself,2002
Cam'ron & Juelz Santana,Oh Boy,2002
NORE,Nothin',2002
Tweet,Oops (Oh My),2002
Mary J Blige,Family Affair,2002
No Doubt & Lady Saw,Underneath It All,2002
Sean Paul,Gimme The Light,2002
Brandy,What About Us,2002
Aaliyah,More Than A Woman,2002
Irv Gotti,Down 4 U,2002
Red Hot Chili Peppers,By The Way,2002
Cam'ron & Juelz Santana,Hey Ma,2002
Celine Dion,A New Day Has Come,2002
LL Cool J,Luv U Better,2002
Mario,Just A Friend,2002
John Mayer,No Such Thing,2002
Justin Timberlake,Like I Love You,2002
No Doubt,Hella Good,2002
Musiq Soulchild,halfcrazy,2002
Big Tymers,Still Fly,2002
"Angie Martinez, Lil' Mo & Sacario",If I Could Go!,2002
Truth Hurts,Addictive,2002
Elvis Presley & JXL,A Little Less Conversation,2002
"Ludacris, Mystikal & Infamous 2.0",Move B***h,2002
"Busta Rhymes, P Diddy & Pharrell Williams",Pass the Courvoisier - Part II,2002
Brandy,Full Moon,2002
Mary J Blige & Ja Rule,Rainy Dayz,2002
R Kelly,The World's Greatest,2002
Alanis Morissette,Hands Clean,2002
Jennifer Lopez,Jenny From The Block,2002
OutKast,The Whole World,2002
Madonna,Die Another Day,2002
Mary J Blige,No More Drama,2002
Santana & Michelle Branch,The Game Of Love,2002
Kelly Clarkson,A Moment Like This,2002
Ashanti,Baby,2002
Faith Evans,I Love You,2002
LeAnn Rimes,Can't Fight The Moonlight,2002
Kylie Minogue,Love At 1st Sight,2002
Five for Fighting,Superman (It's Not Easy),2002
Mr Cheeks,"Lights, Camera, Action!",2002
Avril Lavigne,Sk8er Boi,2002
Dirty Vegas,Days Go By,2002
Craig David,7 Days,2002
POD,Youth Of The Nation,2002
Nappy Roots & Anthony Hamilton,Po' Folks,2002
Aaliyah,I Care 4 U,2002
The Goo Goo Dolls,Here Is Gone,2002
Kenny Chesney,Good Stuff,2002
Wyclef Jean & Claudette Ortiz,Two Wrongs,2002
Keith Urban,Somebody Like You,2002
Alicia Keys,A Woman's Worth,2002
Nivea & Brian & Brandon Casey,Don't Mess With My Man,2002
B2K,Uh Huh,2002
Nickelback,Too Bad,2002
Christina Aguilera & Redman,Dirrty,2002
Busta Rhymes,Break Ya Neck,2002
Alan Jackson,Drive (For Daddy Gene),2002
Jaheim & Next,Anything,2002
50 Cent,In Da Club,2003
Sean Paul,Get Busy,2003
Evanescence & Paul McCoy,Bring Me To Life,2003
Beyonce & Jay-Z,Crazy In Love,2003
R Kelly,Ignition,2003
Matchbox Twenty,Unwell,2003
The Black Eyed Peas,Where Is The Love?,2003
Chingy,Right Thurr,2003
Beyonce,Baby Boy,2003
Three Doors Down,When I'm Gone,2003
"Nelly, P Diddy & Murphy Lee",Shake Ya Tailfeather,2003
Busta Rhymes & Mariah Carey,I Know What You Want,2003
Lil' Jon & The East Side Boyz,Get Low,2003
Jennifer Lopez & LL Cool J,All I Have,2003
50 Cent & Nate Dogg,21 Questions,2003
Eminem,Lose Yourself,2003
50 Cent,PIMP,2003
Christina Aguilera & Beverly McClellan,Beautiful,2003
Avril Lavigne,I'm With You,2003
Aaliyah,Miss You,2003
B2K & P Diddy,Bump Bump Bump,2003
Kid Rock & Sheryl Crow,Picture,2003
Uncle Kracker & Dobie Gray,Drift Away,2003
Wayne Wonder,No Letting Go,2003
Justin Timberlake,Rock Your Body,2003
Fabolous & Tamia,Into You,2003
Justin Timberlake,Cry Me A River,2003
Snoop Dogg & Pharrell Williams,Beautiful,2003
t.A.T.u.,All The Things She Said,2003
Lil' Kim & 50 Cent,Magic Stick,2003
Ashanti,Rock Wit U (Awww Baby),2003
Pharrell Williams & Jay-Z,Frontin',2003
Fabolous & Mike Shorey,Can't Let You Go,2003
Ja Rule & Ashanti,Mesmerize,2003
Trapt,Headstrong,2003
Daniel Bedingfield,If You're Not The One,2003
Tyrese,How You Gonna Act Like That,2003
Beyonce & Jay-Z,03 Bonnie & Clyde,2003
Dido,White Flag,2003
Ludacris & Shaunna,Stand Up,2003
"Christina Aguilera, Lil' Kim, Mya & Pink",Can't Hold Us Down,2003
Santana & Michelle Branch,The Game Of Love,2003
YoungBloodZ & Lil' Jon,Damn!,2003
Kelly Clarkson,Miss Independent,2003
Shania Twain,Forever And For Always,2003
Train,Calling All Angels,2003
Blu Cantrell & Sean Paul,Breathe,2003
Missy 'Misdemeanor' Elliott,Gossip Folks,2003
Sean Paul,Like Glue,2003
Santana & Chad Kroeger,Why Don't You & I,2003
Eminem,Sing For The Moment,2003
Monica,So Gone,2003
Jason Mraz,The Remedy (I Won't Worry),2003
Christina Aguilera,Fighter,2003
Three Doors Down,Here Without You,2003
Coldplay,Clocks,2003
Lumidee,"Never Leave You - Uh Ooh, Uh Oooh!",2003
R Kelly,Thoia Thoing,2003
Linkin Park,Somewhere I Belong,2003
John Mayer,Your Body Is A Wonderland,2003
Nickelback,Someday,2003
OutKast,Hey Ya!,2003
Jay-Z,Excuse Me Miss,2003
Baby Bash & Frankie J,Suga Suga,2003
Nivea & Brian & Brandon Casey,Don't Mess With My Man,2003
R Kelly,Step In The Name Of Love,2003
The Dixie Chicks,Landslide,2003
Ginuwine,In Those Jeans,2003
NAS,I Can,2003
"Chingy, Ludacris & Snoop Dogg",Holidae Inn,2003
Michelle Branch,Are You Happy Now,2003
Pink,Family Portrait,2003
Mya,My Love Is Like... Wo,2003
Amanda Perez,Angel,2003
Lil' Kim & Mr Cheeks,The Jump Off,2003
Jewel,Intuition,2003
Counting Crows & Vanessa Carlton,Big Yellow Taxi,2003
Jennifer Lopez,Jenny From The Block,2003
Ashanti,Rain On Me,2003
Good Charlotte,Lifestyles Of The Rich & Famous,2003
Staind,So Far Away,2003
Alan Jackson & Jimmy Buffett,It's Five O'Clock Somewhere,2003
Lonestar,My Front Porch Looking In,2003
OutKast,The Way You Move,2003
Jagged Edge,Walked Outta Heaven,2003
Ginuwine & Baby,Hell Yeah,2003
Frankie J,Don't Wanna Try,2003
Young Gunz,"Can't Stop, Won't Stop",2003
Maroon 5,Harder To Breathe,2003
"Nelly, Kyjuan, Ali & Murphy Lee",Air Force Ones,2003
Toby Keith & Willie Nelson,Beer For My Horses,2003
Jaheim,Put That Woman First,2003
Stacie Orrico,Stuck,2003
Linkin Park,Faint,2003
Missy 'Misdemeanor' Elliott,Work It,2003
Justin Timberlake,Senorita,2003
Phil Collins,Can't Stop Loving You,2003
Stacie Orrico,(There's Gotta Be) More To Life,2003
Hilary Duff,So Yesterday,2003
50 Cent,Wanksta,2003
"Usher, Lil' Jon & Ludacris",Yeah!,2004
Maroon 5,This Love,2004
"Mario Winans, Enya & P Diddy",I Don't Wanna Know,2004
Usher,Burn,2004
Alicia Keys,If I Ain't Got You,2004
Hoobastank,The Reason,2004
OutKast,Hey Ya!,2004
J-Kwon,Tipsy,2004
Evanescence,My Immortal,2004
Terror Squad,Lean Back,2004
Ciara & Petey Pablo,Goodies,2004
OutKast,The Way You Move,2004
Kevin Lyttle,Turn Me On,2004
Usher,Confessions Part II,2004
Christina Milian & Samy Deluxe,Dip It Low,2004
Eamon,F**k it (I Don't Want You Back),2004
Petey Pablo,Freek-A-Leek,2004
Three Doors Down,Here Without You,2004
JoJo,Leave (Get Out),2004
Juvenile & Soulja Slim,Slow Motion,2004
Britney Spears,Toxic,2004
Maroon 5,She Will Be Loved,2004
Beyonce,Naughty Girl,2004
Nina Sky & Jabba,Move Ya Body,2004
Cassidy & R Kelly,Hotel,2004
Nickelback,Someday,2004
"Twista, Kanye West & Jamie Foxx",Slow Jamz,2004
Usher & Alicia Keys,My Boo,2004
Lil' Flip,Sunshine,2004
Destiny's Child,Lose My Breath,2004
D12 & Eminem,My Band,2004
Avril Lavigne,My Happy Ending,2004
Sean Paul & Sasha,I'm Still In Love With You,2004
Nelly & Jaheim,My Place,2004
Alicia Keys & Tony! Toni! Tone!,Diary,2004
Britney Spears,Everytime,2004
Jay-Z,Dirt Off Your Shoulder,2004
Chingy & J Weav,One Call Away,2004
Ashlee Simpson,Pieces Of Me,2004
No Doubt,It's My Life,2004
Los Lonely Boys,Heaven,2004
Linkin Park,Numb,2004
"Houston, Chingy, Nate Dogg & I-20",I Like That,2004
Sheryl Crow,The First Cut Is The Deepest,2004
Akon & Styles P,Locked Up,2004
Dido,White Flag,2004
O-Zone,Dragostea din tei,2004
The Black Eyed Peas,Let's Get It Started,2004
Kanye West,Jesus Walks,2004
The Black Eyed Peas,Hey Mama,2004
Beyonce,"Me, Myself & I",2004
Twista,Overnight Celebrity,2004
Jessica Simpson,With You,2004
Switchfoot,Meant To Live,2004
OutKast,Roses,2004
Avril Lavigne,Don't Tell Me,2004
Kelis,Milkshake,2004
Kanye West & Syleena Johnson,All Fall Down,2004
Eminem,Just Lose It,2004
Snoop Dogg & Pharrell Williams,Drop It Like It's Hot,2004
Lloyd Banks,On Fire,2004
Ludacris,Splash Waterfalls,2004
Alicia Keys,You Don't Know My Name,2004
Kelly Clarkson,Breakaway,2004
Beenie Man & Ms Thing,Dude,2004
Finger Eleven,One Thing,2004
Anastacia,Left Outside Alone,2004
Ruben Studdard,Sorry 2004,2004
Ryan Cabrera,On The Way Down,2004
Ying Yang Twins & Lil Jon & The East Side Boyz,Salt Shaker,2004
Linkin Park,Breaking The Habit,2004
Kanye West,Through The Wire,2004
R Kelly,Happy People,2004
Jet,Are You Gonna Be My Girl?,2004
LL Cool J,Headsprung,2004
Seether & Amy Lee,Broken,2004
Jadakiss & Anthony Hamilton,Why?,2004
Lil' Flip,Game Over (Flip),2004
Five for Fighting,One Hundred Years,2004
"NORE & Nina Sky, Daddy Yankee, Gem Star & Big Mato",Oye Mi Canto,2004
"Trick Daddy, Lil' Jon & Twista",Let's Go,2004
Ja Rule & Ashanti,Wonderful,2004
Monica,U Should've Known Better,2004
blink-182,I Miss You,2004
The Black Eyed Peas,Shut Up!,2004
U2,Vertigo,2004
Counting Crows,Accidentally In Love,2004
Nelly & Tim McGraw,Over & Over,2004
Fabolous,Breathe,2004
Tim McGraw,Live Like You Were Dying,2004
G-Unit,Wanna Get To Know You,2004
Baby Bash & Frankie J,Suga Suga,2004
Gretchen Wilson,Redneck Woman,2004
Seal,Love's Divine,2004
Green Day,American Idiot,2004
Lloyd & Ashanti,Southside,2004
Kenny Chesney & Uncle Kracker,When The Sun Goes Down,2004
Limp Bizkit,Behind Blue Eyes,2004
Ludacris & Shaunna,Stand Up,2004
D12,How Come,2004
Mariah Carey,We Belong Together,2005
Kelly Clarkson,Since U Been Gone,2005
The Pussycat Dolls,Don't Cha,2005
Gwen Stefani,Hollaback Girl,2005
Mario,Let Me Love You,2005
Green Day,Boulevard Of Broken Dreams,2005
50 Cent & Olivia,Candy Shop,2005
Ciara & Missy 'Misdemeanor' Elliot,1-2 Step,2005
Gorillaz,Feel Good Inc,2005
The Black Eyed Peas,Don't Phunk With My Heart,2005
Rihanna,Pon de replay,2005
Kelly Clarkson,Behind These Hazel Eyes,2005
Will Smith,Switch,2005
Lifehouse,You & Me,2005
Kanye West & Jamie Foxx,Gold Digger,2005
Rob Thomas,Lonely No More,2005
Akon,Lonely,2005
Weezer,Beverly Hills,2005
Missy 'Misdemeanor' Elliott,Lose Control,2005
50 Cent,Just A Lil Bit,2005
The Killers,Mr Brightside,2005
The Game & 50 Cent,How We Do,2005
The Game & 50 Cent,Hate It Or Love It,2005
Gwen Stefani & Eve,Rich Girl,2005
Shakira & Alejandro Sanz,La tortura,2005
Ciara & Ludacris,Oh,2005
50 Cent,Disco Inferno,2005
Snoop Dogg & Pharrell Williams,Drop It Like It's Hot,2005
Coldplay,Speed Of Sound,2005
DHT,Listen To Your Heart,2005
The Black Eyed Peas,My Humps,2005
Green Day,Wake Me Up When September Ends,2005
Mariah Carey,Shake It Off,2005
Bow Wow & Omarion,Let Me Hold You,2005
Green Day,Holiday,2005
Papa Roach,Scars,2005
Usher,Caught Up,2005
Jennifer Lopez,Get Right,2005
Crazy Frog,Axel F,2005
The Backstreet Boys,Incomplete,2005
Destiny's Child & T.I. & Lil' Wayne,Soldier,2005
Jay-Z & Linkin Park,Numb/Encore,2005
Kelly Clarkson,Breakaway,2005
Three Doors Down,Let Me Go,2005
Fall Out Boy,Sugar We're Goin Down,2005
Amerie,1 Thing,2005
Bobby Valentino,Slow Down,2005
Sean Paul,We Be Burnin',2005
Frankie J & Baby Bash,Obsession (No Es Amor),2005
Mariah Carey,It's Like That,2005
Nickelback,Photograph,2005
Bow Wow & Ciara,Like You,2005
The Black Eyed Peas,Don't Lie,2005
Chris Brown & Juelz Santana,Run It,2005
James Blunt,You're Beautiful,2005
Eminem,Mockingbird,2005
Nelly & Tim McGraw,Over & Over,2005
Howie Day,Collide,2005
Pretty Ricky,Grind With Me,2005
Lil' Jon & The East Side Boyz,Lovers & Friends,2005
50 Cent & Mobb Deep,Outta Control,2005
The Foo Fighters,Best Of You,2005
Gwen Stefani,Cool,2005
"Trick Daddy & Ludacris, Lil' Kim & Cee-Lo",Sugar (Gimme Some),2005
Trillville & Cutty,Some Cut,2005
Fat Joe & Nelly,Get It Poppin',2005
Young Jeezy & Akon,Soul Survivor,2005
"Snoop Dogg, Charlie Wilson & Justin Timberlake",Signs,2005
Alicia Keys,Karma,2005
Kelly Clarkson,Because Of You,2005
Madonna,Hung Up,2005
Ying Yang Twins,Wait (The Whisper Song),2005
David Banner,Play,2005
Ludacris & Bobby Valentino,Pimpin' All Over The World,2005
Daddy Yankee,Gasolina,2005
Daniel Powter,Bad Day,2005
Akon,Belly Dancer (Bananza),2005
Baby Bash & Akon,Baby I'm Back,2005
Destiny's Child,Cater 2 U,2005
Maroon 5,She Will Be Loved,2005
Gavin Degraw,I Don't Want To Be,2005
Ashanti,Only U,2005
Natasha Bedingfield,These Words,2005
Destiny's Child,Girl,2005
Pretty Ricky,Your Body,2005
John Legend,Ordinary People,2005
Jesse McCartney,Beautiful Soul,2005
Eminem,Like Toy Soldiers,2005
T-Pain,I'm Sprung,2005
T.I.,Bring Em Out,2005
Ciara & Petey Pablo,Goodies,2005
Natalie,Going Crazy,2005
Fantasia,Truth Is,2005
"Brooke Valentine, Lil' Jon & Big Boi",Girlfight,2005
The Click Five,Just The Girl,2005
T.I.,U Don't Know Me,2005
Maroon 5,Sunday Morning,2005
Jessica Simpson,These Boots Are Made For Walkin',2005
Ilona Mitrecey,Un monde parfait,2005
Omarion,O,2005
Shakira & Wyclef Jean,Hips Don't Lie,2006
Gnarls Barkley,Crazy,2006
Sean Paul,Temperature,2006
Nelly Furtado & Timbaland,Promiscuous,2006
Justin Timberlake,SexyBack,2006
The Pussycat Dolls & Snoop Dogg,Buttons,2006
Chamillionaire & Krayzie Bone,Ridin',2006
Daniel Powter,Bad Day,2006
James Blunt,You're Beautiful,2006
Rihanna,SOS,2006
Mary J Blige,Be Without You,2006
The Fray,Over My Head (Cable Car),2006
Cassie,Me & U,2006
Natasha Bedingfield,Unwritten,2006
Beyonce & Slim Thug,Check On It,2006
Rihanna,Unfaithful,2006
Ne-Yo,So Sick,2006
Red Hot Chili Peppers,Dani California,2006
Snow Patrol,Chasing Cars,2006
Panic! At the Disco,I Write Sins Not Tragedies,2006
Cascada,Everytime We Touch,2006
Kelly Clarkson,Because Of You,2006
Fergie,London Bridge,2006
Chris Brown & Juelz Santana,Run It,2006
Rascal Flatts,What Hurts The Most,2006
Christina Aguilera,Ain't No Other Man,2006
All-American Rejects,Move Along,2006
"Nelly & Paul Wall, Ali & Gipp",Grillz,2006
The Fray,How To Save A Life,2006
The Black Eyed Peas,Pump It,2006
The Pussycat Dolls & will.i.am,Beep,2006
The Pussycat Dolls,Stickwitu,2006
Yung Joc,It's Goin' Down,2006
Kelly Clarkson,Walk Away,2006
Ne-Yo,Sexy Love,2006
Madonna,Hung Up,2006
"Lil' Jon, E-40 & Sean Paul",Snap Yo Fingers,2006
Nelly Furtado,Maneater,2006
The Black Eyed Peas,My Humps,2006
Hinder,Lips Of An Angel,2006
Nickelback,Far Away,2006
Fall Out Boy,"Dance, Dance",2006
Sean Paul & Keyshia Cole,(When You Gonna) Give It Up To Me,2006
Justin Timberlake & T.I.,My Love,2006
Nickelback,Savin' Me,2006
Akon,Smack That,2006
Evanescence,Call Me When You're Sober,2006
"Dem Franchize Boyz, Lil Peanut & Charlay","Lean Wit It, Rock Wit It",2006
Beyonce & Jay-Z,Deja Vu,2006
Chris Brown,Yo! (Excuse Me Miss),2006
Pink,Stupid Girls,2006
Ludacris & Pharrell Williams,Money Maker,2006
Kanye West & Jamie Foxx,Gold Digger,2006
Fort Minor,Where'd You Go,2006
"Bubba Sparxxx, Ying Yang Twins & Mr. ColliPark",Ms New Booty,2006
Nick Lachey,What's Left Of Me,2006
KT Tunstall,Black Horse & The Cherry Tree,2006
P Diddy & Nicole Scherzinger,Come To Me,2006
Busta Rhymes,Touch It,2006
All-American Rejects,Dirty Little Secret,2006
Bon Jovi,Who Says You Can't Go Home,2006
T-Pain & Mike Jones,I'm In Love with A Stripper,2006
Cherish & Sean Paul,Do It To It,2006
"Notorious BIG, P Diddy, Nelly, Jagged Edge & Avery Storm",Nasty Girl,2006
T.I.,What You Know,2006
"E-40, T-Pain & Kandi Girl",U & Dat,2006
Jamie Foxx & Ludacris,Unpredictable,2006
Chris Brown & Lil' Wayne,Gimme That,2006
Field Mobb & Ciara,So What,2006
The Killers,When You Were Young,2006
Kelis & Too $hort,Bossy,2006
Corinne Bailey Rae,Put Your Records On,2006
Fall Out Boy,Sugar We're Goin Down,2006
Chingy & Tyrese,Pullin' Me Back,2006
Ciara & Chamillionaire,Get Up,2006
Beyonce,Irreplaceable,2006
John Mayer,Waiting On The World To Change,2006
JoJo,Too Little Too Late,2006
Daddy Yankee,Rompe,2006
Jibbs,Chain Hang Low,2006
Blue October,Hate Me!,2006
Eminem & Nate Dogg,Shake That,2006
Danity Kane,Show Stoppers,2006
Young Dro & T.I.,Shoulder Lean,2006
Eminem,When I'm Gone,2006
Chris Brown,Say Goodbye,2006
Nickelback,Photograph,2006
Madonna,Sorry,2006
Mariah Carey,Don't Forget About Us,2006
Yung Joc & Brandy 'Ms B' Hambrick,I Know You See It,2006
Jack Johnson,Upside Down,2006
The Scissor Sisters,I Don't Feel Like Dancin',2006
D4L,Laffy Taffy,2006
Pink,Who Knew,2006
My Chemical Romance,Welcome To The Black Parade,2006
T.I.,Why You Wanna,2006
Ray J,One Wish,2006
Rascal Flatts,Life Is A Highway,2006
Fergie,Fergalicious,2006
Teddy Geiger,For You I Will (Confidence),2006
Rihanna & Jay-Z,Umbrella,2007
Fergie,Big Girls Don't Cry (Personal),2007
Gwen Stefani & Akon,The Sweet Escape,2007
Timbaland & Keri Hilson,The Way I Are,2007
Nelly Furtado,Say It Right,2007
Plain White T's,Hey There Delilah,2007
Avril Lavigne,Girlfriend,2007
Timbaland & Nelly Furtado & Justin Timberlake,Give It To Me,2007
Justin Timberlake,What Goes Around Comes Around,2007
Fergie & Ludacris,Glamorous,2007
Kanye West,Stronger,2007
Carrie Underwood,Before He Cheats,2007
Maroon 5,Makes Me Wonder,2007
Akon,Don't Matter,2007
Sean Kingston,Beautiful Girls,2007
Beyonce,Irreplaceable,2007
T-Pain & Yung Joc,Buy U A Drank (Shawty Snappin'),2007
Beyonce & Shakira,Beautiful Liar,2007
The Fray,How To Save A Life,2007
Soulja Boy,Crank That (Soulja Boy),2007
Timbaland & OneRepublic,Apologize,2007
50 Cent & Justin Timberlake & Timbaland,Ayo Technology,2007
Linkin Park,What I've Done,2007
Mika,Grace Kelly,2007
Gym Class Heroes & Patrick Stump,Cupid's Chokehold,2007
Nickelback,Rockstar,2007
Alicia Keys,No One,2007
Akon,Smack That,2007
Fall Out Boy,"This Ain't A Scene, It's An Arms Race",2007
Daughtry,Home,2007
Fall Out Boy,Thnks Fr Th Mmrs,2007
Snow Patrol,Chasing Cars,2007
Amy Winehouse,Rehab,2007
Pink,U & Ur Hand,2007
Akon & Snoop Dogg,I Wanna Love You,2007
Mims,This Is Why I'm Hot,2007
Daughtry,It's Not Over,2007
Avril Lavigne,When You're Gone,2007
Nelly Furtado,All Good Things (Come To An End),2007
Colbie Caillat,Bubbly,2007
P Diddy & Keyshia Cole,Last Night,2007
Enrique Iglesias,Do You Know (The Ping Pong Song),2007
Justin Timberlake,LoveStoned,2007
Justin Timberlake & T.I.,My Love,2007
Rihanna,Shut Up & Drive,2007
Shop Boyz,Party Like A Rockstar,2007
Elliott Yamin,Wait For You,2007
Ne-Yo,Because Of You,2007
Pink,Who Knew,2007
T-Pain & Akon,Bartender,2007
Ciara,Like A Boy,2007
Britney Spears,Gimme More,2007
J.holiday,Bed,2007
Fergie,Fergalicious,2007
Finger Eleven,Paralyzer,2007
Christina Aguilera,Candyman,2007
Nickelback,If Everyone Cared,2007
Omarion,Ice Box,2007
Justin Timberlake,Summer Love,2007
Michael Buble,Everything,2007
James Blunt,1973,2007
Rihanna & Ne-Yo,Hate That I Love You,2007
Robin Thicke,Lost Without You,2007
Maroon 5,Wake Up Call,2007
Kanye West & T-Pain,Good Life,2007
Fabolous & Ne-Yo,Make Me Better,2007
Akon,Sorry Blame It On Me,2007
Keyshia Cole & Missy 'Misdemeanor' Elliott & Lil' Kim,Let It Go,2007
Red Hot Chili Peppers,"Snow, Hey Oh",2007
Plies & T-Pain,Shawty,2007
Kelly Clarkson,Never Again,2007
Rihanna,Don't Stop The Music,2007
Huey,"Pop, Lock & Drop It",2007
Chris Brown & T-Pain,Kiss Kiss,2007
Baby Bash & T-Pain,Cyclone,2007
Christina Aguilera,Hurt,2007
Unk,Walk It Out,2007
The Foo Fighters,The Pretender,2007
Hurricane Chris,A Bay Bay,2007
R Kelly,I'm A Flirt,2007
Baby Boy Da'prince,The Way I Live,2007
Ludacris & Mary J Blige,Runaway Love,2007
Lloyd & Lil' Wayne,You,2007
Matchbox Twenty,How Far We've Come,2007
Lloyd,Get It Shawty,2007
Boys Like Girls,The Great Escape,2007
The Red Jumpsuit Apparatus,Face Down,2007
Mika,Relax (Take It Easy),2007
DJ ~-tzi & Nik P.,Ein Stern (... der deinen Namen tragt),2007
Taylor Swift,Teardrops On My Guitar,2007
Hellogoodbye,Here in your Arms,2007
Bon Jovi,(You Want To) Make A Memory,2007
Justin Timberlake,SexyBack,2007
Jim Jones,We Fly High,2007
Lifehouse,First Time,2007
Ville Valo & Natalia Avelon,Summer Wine,2007
Gwen Stefani,4 In The Morning,2007
The Kaiser Chiefs,Ruby,2007
P Diddy & Christina Aguilera,Tell Me,2007
Gwen Stefani,Wind It Up,2007
Leona Lewis,Bleeding Love,2008
Timbaland & OneRepublic,Apologize,2008
Katy Perry,I Kissed A Girl,2008
Flo-Rida & T-Pain,Low,2008
Coldplay,Viva la vida,2008
Madonna & Justin Timberlake,Four Minutes,2008
Duffy,Mercy,2008
Jordin Sparks & Chris Brown,No Air,2008
Rihanna,Take A Bow,2008
Rihanna,Don't Stop The Music,2008
Ne-Yo,Closer,2008
Rihanna,Disturbia,2008
Alicia Keys,No One,2008
Estelle & Kanye West,American Boy,2008
Kid Rock,All Summer Long,2008
Chris Brown,Forever,2008
Sara Bareilles,Love Song,2008
Chris Brown,With You,2008
Usher & Young Jeezy,Love In This Club,2008
Pink,So What,2008
OneRepublic,Stop & Stare,2008
Lil' Wayne,Lollipop,2008
Leona Lewis,Better In Time,2008
Jason Mraz,I am yours,2008
The Pussycat Dolls,When I Grow Up,2008
Gabriella Cilmi,Sweet About Me,2008
Katy Perry,Hot 'n' cold,2008
Kardinal Offishall & Akon,Dangerous,2008
Mark Ronson & Amy Winehouse,Valerie,2008
T.I.,Whatever You Like,2008
Mariah Carey,Touch My Body,2008
Yael Naim,New Soul,2008
Natasha Bedingfield,Pocketful Of Sunshine,2008
Amy Macdonald,This Is The Life,2008
Miley Cyrus,See You Again,2008
Britney Spears,Piece Of Me,2008
Ray J & Yung Berg,Sexy Can I,2008
Colbie Caillat,Bubbly,2008
Jordin Sparks,Tattoo,2008
Metro Station,Shake It,2008
T.I. & Rihanna,Live Your Life,2008
Lady GaGa & Colby O'Donis,Just Dance,2008
Jesse McCartney,Leavin',2008
MIA,Paper Planes,2008
Three Doors Down,It's Not My Time,2008
Linkin Park,Shadow Of The Day,2008
Beyonce,If I Were A Boy,2008
Soulja Boy,Crank That (Soulja Boy),2008
Ne-Yo,Miss Independent,2008
Britney Spears,Womanizer,2008
Guru Josh Project,Infinity 2008,2008
Kanye West,Love Lockdown,2008
Sean Kingston,Take You There,2008
Ich & Ich,So soll es bleiben,2008
Lupe Fiasco,Superstar,2008
Lil' Wayne & T-Pain,Got Money,2008
Madonna,Give It 2 Me,2008
September,Cry For You,2008
Finger Eleven,Paralyzer,2008
Flo-Rida & will.i.am,In The Ayer,2008
Coldplay,Violet Hill,2008
Snoop Dogg,Sensual Seduction,2008
Buckcherry,Sorry,2008
Cascada,What Hurts The Most,2008
Rihanna & Ne-Yo,Hate That I Love You,2008
Danity Kane,Damaged,2008
Lil' Wayne,A Milli,2008
Nickelback,Rockstar,2008
Secondhand Serenade,Fall For You,2008
Colby O'Donis & Akon,What You Got,2008
Fergie,Clumsy,2008
Plies & Ne-Yo,Bust It Baby Part 2,2008
T-Pain & Lil' Wayne,Can't Believe It,2008
Akon,"Right Now (Na, Na, Na)",2008
Maroon 5,Won't Go Home Without You,2008
Taylor Swift,Our Song,2008
Kevin Rudolf & Lil' Wayne,Let It Rock,2008
Ida Corr & Fedde Le Grand,Let Me Think About It,2008
Duffy,Warwick Avenue,2008
Ich & Ich,Stark,2008
Gavin Rossdale,Love Remains The Same,2008
Jordin Sparks,One Step At A Time,2008
Flo-Rida & Timbaland,Elevator,2008
"Webbie, Lil' Phat & Lil' Boosie",Independent,2008
Miley Cyrus,7 Things,2008
John Mayer,Say,2008
Jennifer Hudson,Spotlight,2008
Chris Brown & T-Pain,Kiss Kiss,2008
Stefanie Heinzmann,My Man Is A Mean Man,2008
Colbie Caillat,Realize,2008
Timbaland & Keri Hilson,The Way I Are,2008
Schnuffel,Kuschel Song,2008
Taylor Swift,Teardrops On My Guitar,2008
Kings of Leon,Sex On Fire,2008
Jonas Brothers,Burning Up,2008
Alicia Keys,Like You'll Never See Me Again,2008
Britney Spears,Break The Ice,2008
The Killers,Human,2008
Kelly Rowland,Work,2008
David Archuleta,Crush,2008
Lady GaGa,Poker Face,2009
The Black Eyed Peas,I Gotta Feeling,2009
The Black Eyed Peas,Boom Boom Pow,2009
Lady GaGa & Colby O'Donis,Just Dance,2009
Pitbull,I Know You Want Me (Calle Ocho),2009
Kings of Leon,Use Somebody,2009
Flo-Rida & Ke$ha,Right Round,2009
Beyonce,Halo,2009
Katy Perry,Hot 'n' cold,2009
Taylor Swift,Love Story,2009
David Guetta & Akon,Sexy Chick (Sexy Bitch),2009
Jason Mraz,I am yours,2009
All-American Rejects,Gives You Hell,2009
Lady GaGa,Paparazzi,2009
Kid Cudi & Crookers,Day 'N' Nite,2009
David Guetta & Kelly Rowland,When Love Takes Over,2009
Kelly Clarkson,My Life Would Suck Without You,2009
T.I. & Justin Timberlake,Dead & Gone,2009
Miley Cyrus,The Climb,2009
Keri Hilson & Kanye West & Ne-Yo,Knock You Down,2009
Taylor Swift,You Belong With Me,2009
Lady GaGa,LoveGame,2009
Cascada,Evacuate The Dancefloor,2009
James Morrison & Nelly Furtado,Broken Strings,2009
Beyonce,Single Ladies (Put A Ring On It),2009
Pink,Sober,2009
Beyonce,Sweet Dreams,2009
Pink,Please Don't Leave Me,2009
Soulja Boy & Sammie,Kiss Me Thru The Phone,2009
Jay Sean & Lil' Wayne,Down,2009
The Fray,You Found Me,2009
The Killers,Human,2009
Linkin Park,New Divide,2009
Kanye West,Heartless,2009
Kevin Rudolf & Lil' Wayne,Let It Rock,2009
Coldplay,Viva la vida,2009
"Jay-Z, Rihanna & Kanye West",Run This Town,2009
Shakira,She Wolf,2009
Shinedown,Second Chance,2009
Beyonce,If I Were A Boy,2009
Sean Kingston,Fire Burning,2009
Katy Perry,Waking Up In Vegas,2009
Britney Spears,Circus,2009
Pitbull,Hotel Room Service,2009
Kings of Leon,Sex On Fire,2009
3OH!3,Don't Trust Me,2009
The Pussycat Dolls,I Hate This Part,2009
Jay-Z & Alicia Keys,Empire State Of Mind,2009
Gossip,Heavy Cross,2009
Britney Spears,Womanizer,2009
Milow,Ayo Technology,2009
Miley Cyrus,Party In The U.S.A.,2009
T.I. & Rihanna,Live Your Life,2009
The Black Eyed Peas,Meet Me Half Way,2009
A R Rahman & The Pussycat Dolls,Jai Ho (You Are My Destiny),2009
Akon,Beautiful,2009
Pink,So What,2009
Jamie Foxx & T-Pain,Blame It,2009
Flo-Rida & Wynter,Sugar,2009
Jason Derulo,Whatcha Say,2009
Jordin Sparks,Battlefield,2009
Drake,Best I Ever Had,2009
Guru Josh Project,Infinity 2008,2009
Lily Allen,The Fear,2009
Mariah Carey,Obsessed,2009
Emiliana Torrini,Jungle Drum,2009
Cobra Starship,Good Girls Go Bad,2009
Green Day,21 Guns,2009
Mando Diao,Dance With Somebody,2009
Ciara & Justin Timberlake,Love Sex Magic,2009
Cassandra Steen & Adel Tawil,Stadt,2009
Eminem,We Made You,2009
Ne-Yo,Mad,2009
Jeremih,Birthday Sex,2009
Enrique Iglesias & Ciara,Takin' Back My Love,2009
Razorlight,Wire To Wire,2009
Lily Allen,Not Fair,2009
The Veronicas,Untouched,2009
Colbie Caillat,Falling For You,2009
Katy Perry,Thinking Of You,2009
Kelly Clarkson,Already Gone,2009
"Eminem, Dr Dre & 50 Cent",Crack A Bottle,2009
Akon,"Right Now (Na, Na, Na)",2009
Silbermond,Irgendwas bleibt,2009
Owl City,Fireflies,2009
Peter Fox,Haus am See,2009
Britney Spears,If U Seek Amy,2009
Lady GaGa,Bad Romance,2009
Robbie Williams,Bodies,2009
Rihanna,Rehab,2009
Daughtry,No Surprise,2009
Marit Larsen,If A Song Could Get Me You,2009
Rihanna,Disturbia,2009
Justin Bieber,One Time,2009
Madonna,Celebration,2009
Polarkreis 18,Allein allein,2009
Nickelback,If Today Was Your Last Day,2009
Nickelback,Gotta Be Somebody,2009
Britney Spears,3,2009
Rihanna,Russian Roulette,2009
Ke$ha,Tik-Toc,2010
Lady GaGa,Bad Romance,2010
Train,"Hey, Soul Sister",2010
Rihanna & Eminem,Love The Way You Lie,2010
Katy Perry & Snoop Dogg,California Gurls,2010
Taio Cruz,Dynamite,2010
Lady GaGa & Beyonce,Telephone,2010
Taio Cruz & Ludacris,Break Your Heart,2010
Shakira & Freshly Ground,Waka Waka (This Time For Africa),2010
Lady GaGa,Alejandro,2010
The Black Eyed Peas,I Gotta Feeling,2010
BoB & Hayley Williams,Airplanes,2010
Usher & will.i.am,OMG,2010
Enrique Iglesias & Pitbull,I Like It,2010
Rihanna,Rude Boy,2010
Jason Derulo,In My Head,2010
Yolanda Be Cool & DCup,We No Speak Americano,2010
Owl City,Fireflies,2010
Iyaz,Replay,2010
Lady Antebellum,Need You Now,2010
Stromae,Alors on danse,2010
Eminem,Not Afraid,2010
Usher & Pitbull,DJ Got Us Fallin' In Love,2010
Jay-Z & Alicia Keys,Empire State Of Mind,2010
Flo-Rida & David Guetta,Club Can't Handle Me,2010
Katy Perry,Teenage Dream,2010
Bruno Mars,Just The Way You Are (Amazing),2010
Edward Maya,Stereo Love,2010
Justin Bieber & Ludacris,Baby,2010
Rihanna,Only Girl (In The World),2010
David Guetta & Kid Cudi,Memories,2010
BoB & Bruno Mars,Nothin' On You,2010
The Black Eyed Peas,Meet Me Half Way,2010
K'naan,Wavin' Flag,2010
David Guetta & Akon,Sexy Chick (Sexy Bitch),2010
Adam Lambert,What Do You Want From Me?,2010
Mike Posner,Cooler Than Me,2010
Travie McCoy & Bruno Mars,Billionaire,2010
David Guetta & Chris Willis,Getting Over You,2010
Unheilig,Geboren um zu leben,2010
Jason Derulo,Ridin' Solo,2010
Ke$ha,Your Love Is My Drug,2010
Jason Derulo,Whatcha Say,2010
Timbaland & Katy Perry,If We Ever Meet Again,2010
The Black Eyed Peas,Rock That Body,2010
Young Money & Lloyd,BedRock,2010
Michael Buble,Haven't Met You Yet,2010
The Script,Breakeven,2010
OneRepublic,All The Right Moves,2010
"Far East Movement, Cataracs & Dev",Like A G6,2010
The Black Eyed Peas,Imma Be,2010
Cheryl Cole,Fight For This Love,2010
Nelly,Just A Dream,2010
Timbaland & Justin Timberlake,Carry Out,2010
Lena Meyer-Landrut,Satellite,2010
Keri Hilson,I Like,2010
Israel Kamakawiwo'ole,Over The Rainbow,2010
OneRepublic,Secrets,2010
Rihanna,Russian Roulette,2010
Cee-Lo Green,F**k You/Forget You,2010
Drake,Find Your Love,2010
Jay Sean & Lil' Wayne,Down,2010
"Jay Sean, Sean Paul & Lil' Jon",Do You Remember?,2010
La Roux,Bulletproof!,2010
Kylie Minogue,All The Lovers,2010
Ke$ha,Take It Off,2010
Jay-Z & Mr Hudson,Young Forever,2010
Pink,Raise Your Glass,2010
Ke$ha & 3OH!3,"Blah, Blah, Blah",2010
Taylor Swift,Mine,2010
Madcon,Glow,2010
Lady GaGa,Paparazzi,2010
Alicia Keys,Empire State Of Mind (Part II) Broken Down,2010
Hurts,Wonderful Life,2010
BoB & Rivers Cuomo,Magic,2010
Trey Songz & Fabolous,Say Aah,2010
Maroon 5,Misery,2010
3OH!3 & Ke$ha,My First Kiss,2010
Gossip,Heavy Cross,2010
Selena Gomez & The Scene,Naturally,2010
Neon Trees,Animal,2010
Die Atzen,Disco Pogo,2010
Ludacris,How Low,2010
"Timbaland, Nelly Furtado & SoShy",Morning After Dark,2010
Miley Cyrus,Can't Be Tamed,2010
Sean Kingston & Justin Bieber,Eenie Meenie,2010
Plan B,She Said,2010
Velile & Safri Duo,Helele,2010
Shontelle,Impossible,2010
Alicia Keys,Try Sleeping With A Broken Heart,2010
Trey Songz & Nicki Minaj,Bottoms Up,2010
The Black Eyed Peas,The Time (Dirty Bit),2010
Katy Perry,Firework,2010
Justin Bieber,Somebody To Love,2010
Chris Brown,Deuces,2010
Duck Sauce,Barbra Streisand,2010
Miley Cyrus,Party In The U.S.A.,2010
Drake,Over,2010
Adam Lambert,If I Had You,2010
Aura Dione,I Will Love You Monday (365),2010
Adele,Rolling In The Deep,2011
LMFAO,Party Rock Anthem,2011
"Pitbull, Ne-Yo, Afrojack & Nayer",Give Me Everything,2011
Jennifer Lopez & Pitbull,On The Floor,2011
Bruno Mars,Grenade,2011
Maroon 5 & Christina Aguilera,Moves Like Jagger,2011
Adele,Someone Like You,2011
Katy Perry,Firework,2011
Lady GaGa,Born This Way,2011
Rihanna,S&M,2011
Katy Perry & Kanye West,E.T.,2011
The Black Eyed Peas,Just Can't Get Enough,2011
Lady GaGa,The Edge Of Glory,2011
Alexandra Stan,Mr Saxobeat,2011
Bruno Mars,The Lazy Song,2011
Bruno Mars,Just The Way You Are (Amazing),2011
Jessie J & BoB,Price Tag,2011
Nicki Minaj,Super Bass,2011
Foster the People,Pumped Up Kicks,2011
Rihanna & Calvin Harris,We Found Love,2011
Katy Perry,Last Friday Night (TGIF),2011
Cee-Lo Green,F**k You/Forget You,2011
Pink,F**kin' Perfect,2011
Martin Solveig,Hello,2011
The Black Eyed Peas,The Time (Dirty Bit),2011
Enrique Iglesias & Ludacris,Tonight (I'm F**kin' You),2011
P Diddy & Skylar Grey,Coming Home,2011
Adele,Set Fire To The Rain,2011
"David Guetta, Flo-Rida & Nicki Minaj",Where Them Girls At,2011
David Guetta & Usher,Without You,2011
"Britney Spears, Nicki Minaj & Ke$ha",Till The World Ends,2011
Snoop Dogg & David Guetta,Sweat,2011
Chris Brown,Yeah 3X,2011
Rihanna,Only Girl (In The World),2011
Taio Cruz & Kylie Minogue & Travie McCoy,Higher,2011
LMFAO,Sexy And I Know It,2011
Bad Meets Evil & Bruno Mars,Lighters,2011
OneRepublic,Good Life,2011
Usher,More,2011
Gym Class Heroes,Stereo Hearts,2011
Pitbull & T-Pain,Hey Baby (Drop It To The Floor),2011
Jeremih & 50 Cent,Down On Me,2011
Pink,Raise Your Glass,2011
Wiz Khalifa,Black & Yellow,2011
David Guetta & Rihanna,Who's That Chick?,2011
Jason Derulo,Don't Wanna Go Home,2011
Rihanna & Drake,What's My Name?,2011
Cobra Starship & Sabi,You Make Me Feel,2011
"Dr Dre, Eminem & Skylar Grey",I Need A Doctor,2011
Lupe Fiasco,The Show Goes On,2011
Hot Chelle Rae,"Tonight, Tonight",2011
Lady Antebellum,Just A Kiss,2011
Christina Perri,Jar Of Hearts,2011
Chris Brown & Lil' Wayne,Look At Me Now,2011
Ke$ha,Blow,2011
Britney Spears,I Wanna Go,2011
Pitbull & Marc Anthony,Rain Over Me,2011
Coldplay,Every Teardrop Is A Waterfall,2011
Lil' Wayne,How To Love,2011
Beyonce,Best Thing I Never Had,2011
Lucenzo & Don Omar,Danza kuduro,2011
Flo-Rida,Good Feeling,2011
Avril Lavigne,What The Hell,2011
Taio Cruz,Dynamite,2011
Ke$ha,We R Who We R,2011
Coldplay,Paradise,2011
Kanye West,All Of The Lights,2011
Lady GaGa,You & I,2011
Rihanna,California King Bed,2011
Tinie Tempah & Eric Turner,Written In The Stars,2011
The Band Perry,If I Die Young,2011
Britney Spears,Hold It Against Me,2011
Nicki Minaj,Moment 4 Life,2011
Jason Derulo,It Girl,2011
Sean Paul & Alexis Jordan,Got 2 Luv U,2011
DJ Antoine & Timati,Welcome To St. Tropez,2011
Israel Kamakawiwo'ole,Over The Rainbow,2011
Jason Aldean & Ludacris,Dirt Road Anthem,2011
Chris Brown & Benny Benassi,Beautiful People,2011
"David Guetta, Taio Cruz & Ludacris",Little Bad Girl,2011
David Guetta & Sia,Titanium,2011
Rihanna,Cheers (Drink To That),2011
Usher & Pitbull,DJ Got Us Fallin' In Love,2011
"DJ Khaled, Drake & Rick Ross",I'm On One,2011
Lady GaGa,Judas,2011
Kelly Rowland & Lil' Wayne,Motivation,2011
Kelly Clarkson,Mr Know It All,2011
Eli Young Band,Crazy Girl,2011
"Far East Movement, Cataracs & Dev",Like A G6,2011
Far East Movement & Ryan Tedder,Rocketeer,2011
Bruno Mars,It Will Rain,2011
The Script,For The First Time,2011
Wiz Khalifa,Roll Up,2011
Nelly,Just A Dream,2011
Drake,Headlines,2011
Jennifer Lopez & Lil' Wayne,I'm Into You,2011
Tim Bendzko,Nur noch kurz die Welt retten,2011
Dev,In The Dark,2011
Sunrise Avenue,Hollywood Hills,2011
Lil' Wayne & Corey Gunz,6 Foot 7 Foot,2011
Gotye & Kimbra,Somebody That I Used To Know,2012
Carly Rae Jepsen,Call Me Maybe,2012
fun.,We Are Young,2012
Maroon 5 & Wiz Khalifa,Payphone,2012
Nicki Minaj,Starships,2012
Flo-Rida,Whistle,2012
Flo-Rida & Sia,The Wild Ones,2012
David Guetta & Sia,Titanium,2012
Rihanna & Calvin Harris,We Found Love,2012
Kelly Clarkson,Stronger (What Doesn't Kill You),2012
Alex Clare,Too Close,2012
Train,Drive By,2012
LMFAO,Sexy And I Know It,2012
fun.,Some Nights,2012
One Direction,What Makes You Beautiful,2012
Adele,Set Fire To The Rain,2012
Psy,Gangnam Style,2012
Flo-Rida,Good Feeling,2012
Maroon 5,One More Night,2012
Ellie Goulding,Lights,2012
David Guetta & Nicki Minaj,Turn Me On,2012
Rihanna,Where Have You Been?,2012
The Wanted,Glad You Came,2012
Katy Perry,Wide Awake,2012
Michel Telo,Ai se eu te pego!,2012
Owl City & Carly Rae Jepsen,Good Time,2012
Rihanna,Diamonds,2012
Adele,Someone Like You,2012
Jason Mraz,I Won't Give Up,2012
Pink,Blow Me (One Last Kiss),2012
Rihanna & Drake,Take Care,2012
Maroon 5 & Christina Aguilera,Moves Like Jagger,2012
LMFAO,Party Rock Anthem,2012
Taylor Swift,We Are Never Ever Getting Back Together,2012
Jessie J,Domino,2012
"Snoop Dogg, Wiz Khalifa & Bruno Mars",Young Wild Free,2012
Katy Perry,Part Of Me,2012
Chris Brown,Don't Wake Me Up,2012
Pitbull,Back In Time,2012
Usher,Scream,2012
Of Monsters And Men,Little Talks,2012
Justin Bieber,Boyfriend,2012
Avicii,Levels,2012
Justin Bieber & Big Sean,As Long As You Love Me,2012
Jay-Z & Kanye West,Niggas in Paris,2012
Coldplay,Paradise,2012
Pitbull & Chris Brown,International Love,2012
Lykke Li,I Follow Rivers,2012
Neon Trees,Everybody Talks,2012
Adele,Rolling In The Deep,2012
Drake & Lil' Wayne,The Motto,2012
Adele,Skyfall,2012
Calvin Harris,Feel So Close,2012
Ed Sheeran,The 'A' Team,2012
Ne-Yo,Let Me Love You (Until You Learn To Love Yourself),2012
"Kanye West, Big Sean, Pusha T & 2 Chainz",Mercy,2012
Bruno Mars,Locked Out Of Heaven,2012
Linkin Park,Burn It Down,2012
David Guetta & Usher,Without You,2012
Asaf Avidan,One Day/Reckoning Song,2012
Jennifer Lopez & Pitbull,To Dance Again,2012
Demi Lovato,Give Your Heart A Break,2012
Katy Perry,The One That Got Away,2012
Bruno Mars,It Will Rain,2012
Flo-Rida,I Cry,2012
The Lumineers,Ho Hey,2012
Nicki Minaj,Pound The Alarm,2012
Lana Del Rey,Video Games,2012
Alicia Keys & Nicki Minaj,Girl On Fire,2012
Ke$ha,Die Young,2012
Hunter Hayes,Wanted,2012
Phil Phillips,Home,2012
Calvin Harris & Ne-Yo,Let's Go,2012
Chris Brown,Turn Up The Music,2012
Skrillex & Sirah,Bangarang,2012
Sean Paul,She Doesn't Mind,2012
Gym Class Heroes & Neon Hitch,Ass Back Home,2012
Gusttavo Lima,Balada,2012
Loreen,Euphoria,2012
Karmin,Broken hearted,2012
Tyga,Rack City,2012
Foster the People,Pumped Up Kicks,2012
Die Toten Hosen,Tage wie diese,2012
Mumford & Sons,I'll Wait,2012
Swedish House Mafia & John Martin,Don't You Worry Child,2012
David Guetta & Sia,She Wolf (Falling To Pieces),2012
Cher Lloyd & Astro,Want U Back,2012
BoB,So Good,2012
The Wanted,Chasing The Sun,2012
One Direction,One Thing,2012
Luke Bryan,Drunk On You,2012
Train,50 Ways To Say Goodbye,2012
Olly Murs & Rizzle Kicks,Heart Skips A Beat,2012
Coldplay & Rihanna,Princess Of China,2012
Emeli Sande,Next To Me,2012
2 Chainz,No Lie,2012
Eric Church,Springsteen,2012
The Script & will.i.am,Hall Of Fame,2012
Taio Cruz & Flo-Rida,Hangover,2012
Adele,Rumour Has It,2012
"Robin Thicke, T.I. & Pharrell Williams",Blurred Lines,2013
Macklemore & Ryan Lewis,Thrift Shop,2013
Imagine Dragons,Radioactive,2013
Macklemore & Ryan Lewis,Can't Hold Us,2013
Daft Punk & Pharrell Williams,Get Lucky,2013
Pink & Nate Ruess,Just Give Me A Reason,2013
Avicii,Wake Me Up,2013
Justin Timberlake,Mirrors,2013
will.i.am & Britney Spears,Scream & Shout,2013
Rihanna & Mikky Ekko,Stay,2013
The Lumineers,Ho Hey,2013
Bruno Mars,When I Was Your Man,2013
Passenger,Let Her Go,2013
Bruno Mars,Locked Out Of Heaven,2013
Katy Perry,Roar,2013
Icona Pop & Charli XCX,I Love It,2013
Taylor Swift,I Knew You Were Trouble,2013
Capital Cities,Safe And Sound,2013
OneRepublic,Counting Stars,2013
Lorde,Royals,2013
Miley Cyrus,We Can't Stop,2013
Rihanna,Diamonds,2013
Psy,Gangnam Style,2013
Bruno Mars,Treasure,2013
Miley Cyrus,Wrecking Ball,2013
Pitbull & Christina Aguilera,Feel This Moment,2013
Calvin Harris & Ellie Goulding,I Need Your Love,2013
Swedish House Mafia & John Martin,Don't You Worry Child,2013
Jay-Z & Justin Timberlake,Holy Grail,2013
Lady GaGa,Applause,2013
Justin Timberlake & Jay-Z,Suit & Tie,2013
Drake & Majid Jordan,"Hold On, We're Going Home",2013
AWOLNATION,Sail,2013
Pink,Try,2013
Lana Del Rey & Cedric Gervais,Summertime Sadness,2013
Florida Georgia Line,Cruise,2013
Bastille,Pompeii,2013
Macklemore & Ryan Lewis,Same Love,2013
James Arthur,Impossible,2013
The Script & will.i.am,Hall Of Fame,2013
Olly Murs & Flo-Rida,Troublemaker,2013
Baauer,Harlem Shake,2013
Zedd & Foxes,Clarity,2013
Ellie Goulding,Burn,2013
Naughty Boy & Sam Smith,La La La,2013
Alicia Keys & Nicki Minaj,Girl On Fire,2013
Jason Derulo,The Other Side,2013
Selena Gomez,Come & Get It,2013
Calvin Harris & Florence Welch,Sweet Nothing,2013
Anna Kendrick,Cups (Pitch Perfect's 'When I'm Gone'),2013
John Newman,Love Me Again,2013
Martin Garrix,Animals,2013
Drake,Started From The Bottom,2013
Mumford & Sons,I'll Wait,2013
Imagine Dragons,Demons,2013
will.i.am & Justin Bieber,thatPOWER,2013
Fall Out Boy,My songs know what you did in the dark (Light 'em up),2013
Maroon 5,Daylight,2013
Imagine Dragons,It's Time,2013
Rihanna & Eminem,The Monster,2013
Ariana Grande,The Way,2013
Eminem,Berzerk,2013
Demi Lovato,Heart Attack,2013
Adele,Skyfall,2013
One Direction,Best Song Ever,2013
"David Guetta, Ne-Yo & Akon",Play Hard,2013
Lil' Wayne & Drake,Love Me,2013
J Cole & Miguel,PowerTrip,2013
Justin Bieber & Nicki Minaj,Beauty & A Beat,2013
Psy,Gentleman,2013
Of Monsters And Men,Little Talks,2013
Pitbull & Ke$ha,Timber,2013
Maroon 5,One More Night,2013
Maroon 5,Love Somebody,2013
"ASAP Rocky, Drake & 2 Chainz",Fuckin' Problems,2013
Phil Phillips,"Gone, Gone, Gone",2013
Olly Murs,Dear Darlin',2013
Taylor Swift,22,2013
Darius Rucker,Wagon Wheels,2013
Ylvis,The Fox,2013
Jason Derulo & 2 Chainz,Talk Dirty,2013
Stromae,Papaoutai,2013
Avicii,"Hey, Brother",2013
Wale & Tiara Thomas,Bad,2013
Ke$ha,Die Young,2013
Paramore,Still Into You,2013
Blake Shelton & Pistol Annies,Boys 'Round Here,2013
Birdy,People Help The People,2013
Lana Del Rey,Young & Beautiful,2013
Labrinth & Emeli Sande,Beneath Your Beautiful,2013
Mariah Carey & Miguel,Beautiful,2013
Emeli Sande,Next To Me,2013
Emeli Sande,Read All About It (Pt. III),2013
Carly Rae Jepsen,Call Me Maybe,2013
2 Chainz & Wiz Khalifa,We Own It (Fast & Furious 6),2013
fun.,Some Nights,2013
Chris Brown,Love More,2013
Pink & Lily Allen,True Love,2013
Phil Phillips,Home,2013
Avicii & Nicky Romero,I Could Be The One,2013
Pharrell Williams,Happy,2014
John Legend,All Of Me,2014
Katy Perry,Dark Horse,2014
Clean Bandit & Jess Glynne,Rather Be,2014
Sam Smith,Stay With Me,2014
Pitbull & Ke$ha,Timber,2014
OneRepublic,Counting Stars,2014
Meghan Trainor,All About That Bass,2014
Iggy Azalea & Charli XCX,Fancy,2014
Magic!,Rude,2014
Nico & Vinz,Am I Wrong,2014
Sia,Chandelier,2014
Calvin Harris,Summer,2014
Mr Probz,Waves,2014
Ariana Grande & Iggy Azalea,Problem,2014
DJ Snake & Lil' Jon,Turn Down For What,2014
Taylor Swift,Shake It Off,2014
Tove Lo & Hippie Sabotage,Habits (Stay High),2014
Jason Derulo & 2 Chainz,Talk Dirty,2014
Bastille,Pompeii,2014
Coldplay,A Sky Full Of Stars,2014
Imagine Dragons,Demons,2014
Avicii,Wake Me Up,2014
Idina Menzel,Let It Go,2014
Avicii,"Hey, Brother",2014
Jason Derulo & Snoop Dogg,Wiggle,2014
Lorde,Team,2014
"Jessie J, Nicki Minaj & Ariana Grande",Bang Bang,2014
Ed Sheeran,Sing,2014
Milky Chance,Stolen Dance,2014
Maroon 5,Maps,2014
Iggy Azalea & Rita Ora,Black Widow,2014
Rihanna & Eminem,The Monster,2014
Chris Brown & Lil' Wayne,Loyal,2014
A Great Big World & Christina Aguilera,Say Something,2014
Passenger,Let Her Go,2014
American Authors,Best Day Of My Life,2014
Ed Sheeran,Don't!,2014
Enrique Iglesias,Bailando,2014
Ariana Grande & Zedd,Break Free,2014
Vance Joy,Riptide,2014
Charli XCX,Boom Clap,2014
OneRepublic,Love Runs Out,2014
One Direction,Story Of My Life,2014
Beyonce & Jay-Z,Drunk In Love,2014
Lorde,Royals,2014
Jason Derulo,Trumpets,2014
Disclosure & Sam Smith,Latch,2014
Kiesza,Hideaway,2014
Helene Fischer,Atemlos durch die Nacht,2014
Jeremih & YG,Don't Tell 'Em,2014
Lilly Wood & The Prick & Robin Schulz,Prayer In C (Robin Schulz Remix),2014
Martin Garrix,Animals,2014
Michael Jackson & Justin Timberlake,Love Never Felt So Good,2014
Calvin Harris & John Newman,Blame,2014
Aloe Blacc,The Man,2014
Ed Sheeran,I See Fire,2014
Ellie Goulding,Burn,2014
Kid Ink & Chris Brown,Show Me,2014
George Ezra,Budapest,2014
Hozier,Take Me To Church,2014
Nicki Minaj,Anaconda,2014
Katy Perry,Roar,2014
Imagine Dragons,Radioactive,2014
Shakira & Rihanna,Can't Remember To Forget You,2014
Justin Timberlake,Not A Bad Thing,2014
Coldplay,Magic,2014
Maroon 5,Animals,2014
David Guetta & Sam Martin,Lovers On The Sun,2014
Sam Smith,I'm Not The Only One,2014
Ella Henderson,Ghost,2014
Miley Cyrus,Wrecking Ball,2014
MKTO,Classic,2014
Trey Songz,Na Na,2014
Klingande,Jubel,2014
Avicii,Addicted To You,2014
"Robin Thicke, T.I. & Pharrell Williams",Blurred Lines,2014
5 Seconds of Summer,She Looks So Perfect,2014
Florida Georgia Line,This Is How We Roll,2014
Ed Sheeran,Thinking Out Loud,2014
Paramore,Ain't It Fun,2014
Faul & Wad Ad vs. Pnau,Changes,2014
Rixton,Me & My Broken Heart,2014
Echosmith,Cool Kids,2014
Andreas Bourani,Auf uns,2014
Mark Forster & Sido,Au revoir,2014
Katy Perry,Birthday,2014
Becky G,Shower,2014
Route 94 & Jess Glynne,My Love,2014
Bobby Shmurda,Hot Boy,2014
Pitbull & John Ryan,Fireball,2014
John Newman,Love Me Again,2014
Katy Perry,This Is How We Do,2014
Drake & Majid Jordan,"Hold On, We're Going Home",2014
Sigma,Nobody To Love,2014
Sam Smith,Money On My Mind,2014
Brantley Gilbert,Bottoms Up,2014
Naughty Boy & Sam Smith,La La La,2014
David Guetta & Sam Martin,Dangerous,2014
5 Seconds of Summer,Amnesia,2014
Mark Ronson & Bruno Mars,Uptown Funk,2015
OMI,Cheerleader,2015
Ed Sheeran,Thinking Out Loud,2015
Wiz Khalifa & Charlie Puth,See You Again,2015
Major Lazer & DJ Snake,Lean On,2015
Ellie Goulding,Love Me Like You Do,2015
Maroon 5,Sugar,2015
Walk the Moon,Shut Up & Dance,2015
Hozier,Take Me To Church,2015
Fetty Wap,Trap Queen,2015
Jason Derulo,Want To Want Me,2015
The Weeknd,Earned It (Fifty Shades Of Grey),2015
The Weeknd,Can't Feel My Face,2015
The Weeknd,The Hills,2015
Skrillex & Diplo,Where Are U Now,2015
Ed Sheeran,Photograph,2015
Taylor Swift,Blank Space,2015
"Rihanna, Kanye West & Paul McCartney",FourFiveSeconds,2015
Justin Bieber,What Do You Mean?,2015
"David Guetta, Nicki Minaj & Afrojack",Hey Mama,2015
Taylor Swift,Shake It Off,2015
Silento,Watch Me,2015
Fifth Harmony & Kid Ink,Worth It,2015
Flo-Rida & Sage The Gemini,G.D.F.R,2015
R City & Adam Levine,Locked Away,2015
Calvin Harris & Disciples,How Deep Is Your Love?,2015
Sia,Elastic Heart,2015
Taylor Swift & Kendrick Lamar,Bad Blood,2015
Lost Frequencies,Are You With Me,2015
Selena Gomez & ASAP Rocky,Good For You,2015
Rachel Platten,The Fight Song,2015
Drake,Hotline Bling,2015
Sam Smith,I'm Not The Only One,2015
Meghan Trainor,All About That Bass,2015
Meghan Trainor,Lips Are Movin,2015
Taylor Swift,Style,2015
Pitbull & Ne-Yo,Time Of Our Lives,2015
Shawn Mendes,Stitches,2015
Fetty Wap & Remy Boyz,679,2015
Felix Jaehn & Jasmine Thompson,Ain't Nobody (Loves Me Better),2015
Adele,Hello,2015
Nicky Jam & Enrique Iglesias,El Perdon (Forgiveness),2015
Sam Smith,Stay With Me,2015
Sia,Chandelier,2015
Rihanna,Bitch Better Have My Money,2015
Calvin Harris & Ellie Goulding,Outside,2015
Omarion & Chris Brown & Jhene Aiko,Post To Be,2015
Charlie Puth & Meghan Trainor,Marvin Gaye,2015
Kygo & Conrad,Firestone,2015
Natalie La Rose & Jeremih,Somebody,2015
Ariana Grande,One Last Time (Attends-moi),2015
One Direction,Drag Me Down,2015
Andy Grammer,"Honey, I'm Good",2015
Chris Brown & Tyga,Ayo,2015
Tove Lo,Talking Body,2015
X Ambassadors,Renegades,2015
Kygo & Parson James,Stole The Show,2015
Justin Bieber,Sorry,2015
James Newton Howard & Jennifer Lawrence,The Hanging Tree,2015
Sam Hunt,Take Your Time,2015
Robin Schulz & Francesco Yates,Sugar,2015
George Ezra,Budapest,2015
DJ Snake & AlunaGeorge,You Know You Like It,2015
James Bay,Hold Back The River,2015
Nick Jonas,Jealous,2015
Meghan Trainor,Dear Future Husband,2015
Macklemore & Ryan Lewis,Downtown,2015
Sam Smith,Lay Me Down,2015
Kelly Clarkson,Heartbeat Song,2015
David Guetta & Sam Martin,Dangerous,2015
Lost Frequencies & Janieck Devy,Reality,2015
Carly Rae Jepsen,I Really Like You,2015
Ellie Goulding,On My Mind,2015
Years & Years,King,2015
Fetty Wap & Monty,My Way,2015
Taylor Swift,Wildest Dreams,2015
Demi Lovato,Cool For The Summer,2015
Usher,I Don't Mind,2015
Vance Joy,Riptide,2015
"Flo-Rida, Robin Thicke & Verdine White","I Don't Like It, I Love It",2015
Fall Out Boy,Centuries,2015
Maroon 5,Animals,2015
"Jessie J, Nicki Minaj & Ariana Grande",Bang Bang,2015
Avicii,Waiting For Love,2015
Meghan Trainor & John Legend,Like I'm Gonna Lose You,2015
T-Wayne,Nasty Freestyle,2015
Ariana Grande,Love Me Harder,2015
John Legend,All Of Me,2015
Elle King,Ex's & Oh's,2015
Rich Homie Quan,Flex (Ooh Ooh Ooh),2015
Beyonce,7-11,2015
Fall Out Boy,Uma Thurman,2015
Sido & Andreas Bourani,Astronaut,2015
Zedd & Selena Gomez,I Want You To Know,2015
Little Big Town,Girl Crush,2015
Big Sean & E-40,I Don't F**k With You,2015
Jess Glynne,Hold My Hand,2015
Adam Lambert,Ghost Town,2015
feder & lyse,Goodbye,2015
Alessia Cara,Here,2015
Sia,Cheap Thrills,2016
"Drake, WizKid & Kyla",One Dance,2016
Justin Bieber,Love Yourself,2016
The Chainsmokers & Daya,Don't Let Me Down,2016
Twenty One Pilots,Stressed Out,2016
Justin Timberlake,Can't Stop The Feeling,2016
Lukas Graham,Seven Years,2016
Mike Posner,I Took A Pill In Ibiza,2016
Rihanna & Drake,Work,2016
Justin Bieber,Sorry,2016
Rihanna & Calvin Harris,This Is What You Came For,2016
Desiigner,Panda,2016
Fifth Harmony & Ty Dolla Sign,Work From Home,2016
The Chainsmokers & Halsey,Closer,2016
DNCE,Cake By The Ocean,2016
Twenty One Pilots,Heathens,2016
"Major Lazer, Justin Bieber & MO",Cold Water,2016
G-Eazy & Bebe Rexha,"Me, Myself & I",2016
DJ Snake & Justin Bieber,Let Me Love You,2016
Shawn Mendes,Stitches,2016
Shawn Mendes,Treat You Better,2016
Rihanna,Needed Me,2016
Kungs & Cookin' On 3 Burners,This Girl,2016
Twenty One Pilots,Ride,2016
Adele,Hello,2016
Alan Walker,Faded,2016
Flo-Rida,My House,2016
Coldplay,Hymn For The Weekend,2016
Rihanna & Drake,Too Good,2016
Zayn,Pillow talk,2016
The Weeknd & Daft Punk,Starboy,2016
Adele,Send My Love (To Your New Lover),2016
"Major Lazer, Nyla & Fuse ODG",Light It Up,2016
The Chainsmokers & Rozes,Roses,2016
Charlie Puth & Selena Gomez,We Don't Talk Anymore,2016
Justin Bieber,What Do You Mean?,2016
Zara Larsson & MNEK,Never Forget You,2016
Pink,Just Like Fire,2016
Gnash & Olivia O'Brien,I Hate U I Love U,2016
Charlie Puth,One Call Away,2016
Sia & Kendrick Lamar,The Greatest,2016
Ariana Grande,Into You,2016
"Lil' Wayne, Wiz Khalifa & Imagine Dragons",Sucker For Pain,2016
Drake,Controlla,2016
Drake,Hotline Bling,2016
Imany,Don't Be So Shy (Filatov & Karas Remix),2016
Ariana Grande,Dangerous Woman,2016
Ariana Grande & Nicki Minaj,Side To Side,2016
James Bay,Let It Go,2016
The Weeknd,The Hills,2016
Coldplay,Adventure Of A Lifetime,2016
Kent Jones,Don't Mind,2016
Disturbed,The Sound Of Silence,2016
Meghan Trainor,No,2016
Kiiara,Gold,2016
Selena Gomez,Hands To Myself,2016
Martin Garrix & Bebe Rexha,In The Name Of Love,2016
Flume & Kai,Never Be Like You,2016
DRAM & Lil Yachty,Broccoli,2016
Zara Larsson,Lush Life,2016
Future & The Weeknd,Low Life,2016
Hailee Steinfeld & Grey,Starving,2016
Calvin Harris,My Way,2016
Rae Sremmurd & Gucci Mane,Black Beatles,2016
Bruno Mars,24K Magic,2016
Elle King,Ex's & Oh's,2016
DJ Snake & Bipolar Sunshine,Middle,2016
Jonas Blue,Fast Car,2016
Rag'n'Bone Man,Human,2016
Major Lazer & DJ Snake,Lean On,2016
Alessia Cara,Here,2016
Adele,When We Were Young,2016
Robin Schulz & Francesco Yates,Sugar,2016
Nick Jonas & Tove Lo,Close,2016
Meghan Trainor,Me Too,2016
Bryson Tiller,Don't!,2016
Stereoact & Kerstin Ott,Die immer lacht,2016
Future & Drake,Jumpman,2016
X Ambassadors,Unsteady,2016
Matt Simons,Catch & Release (Deepend Remix),2016
Selena Gomez,Same Old Love,2016
Tory Lanez,LUV,2016
Galantis,No Money,2016
James Arthur,Say You Won't Let Go,2016
The Weeknd,Can't Feel My Face,2016
Florida Georgia Line,H.O.L.Y.,2016
Jeremih,oui,2016
DJ Khaled & Drake,For Free,2016
Bryson Tiller,Exchange,2016
Maroon 5 & Kendrick Lamar,I Don't Wanna Know,2016
Kevin Gates,2 Phones,2016
The Weeknd,In The Night,2016
Enrique Iglesias & Wisin,Duele el corazon,2016
David Guetta & Zara Larsson,This One's For You,2016
Fetty Wap & Remy Boyz,679,2016
Mike Perry & Shy Martin,The Ocean,2016
Jennifer Lopez,Ain't Your Mama,2016
Fifth Harmony & Fetty Wap,All In My Head,2016
Ruth B,Lost Boy,2016
Drake & The Throne,Pop Style,2016
Ed Sheeran,Shape Of You,2017
Luis Fonsi & Daddy Yankee,Despacito,2017
The Chainsmokers & Coldplay,Something Just Like This,2017
French Montana & Swae Lee,Unforgettable,2017
Bruno Mars,That's What I Like,2017
Imagine Dragons,Believer,2017
Charlie Puth,Attention,2017
Kygo & Selena Gomez,It Ain't Me,2017
Shawn Mendes,There's Nothing Holdin' Me Back,2017
Ed Sheeran,Castle On The Hill,2017
Imagine Dragons,Thunder,2017
Kendrick Lamar,Humble,2017
James Arthur,Say You Won't Let Go,2017
Post Malone & Quavo,Congratulations,2017
"Clean Bandit, Sean Paul & Anne-Marie",Rockabye,2017
"DJ Khaled, Rihanna & Bryson Tiller",Wild Thoughts,2017
"DJ Khaled, Justin Bieber, Quavo, Chance The Rapper & Lil' Wayne",I'm The One,2017
Zayn & Taylor Swift,I Don't Wanna Live Forever (Fifty Shades Darker),2017
Future,Mask Off,2017
The Chainsmokers & Halsey,Closer,2017
Post Malone & 21 Savage,Rockstar,2017
Zedd & Alessia Cara,Stay,2017
The Weeknd & Daft Punk,I Feel It Coming,2017
Julia Michaels,Issues,2017
Lil Uzi Vert,XO TOUR Llif3,2017
Camila Cabello & Young Thug,Havana,2017
Migos & Lil Uzi Vert,Bad And Boujee,2017
Sam Hunt,Body Like A Back Road,2017
The Chainsmokers,Paris,2017
Liam Payne & Quavo,Strip That Down,2017
"Jason Derulo, Nicki Minaj & Ty Dolla Sign",Swalla,2017
"Portugal, The Man",Feel It Still,2017
Bruno Mars,24K Magic,2017
"Logic, Alessia Cara & Khalid",1-800-273-8255,2017
Pink,What About Us,2017
Niall Horan,Slow Hands,2017
The Weeknd & Daft Punk,Starboy,2017
Cardi B,Bodak Yellow (Money Moves),2017
"Calvin Harris, Pharrell Williams, Katy Perry & Big Sean",Feels,2017
Ed Sheeran,Perfect,2017
Dua Lipa,New Rules,2017
Katy Perry & Skip Marley,Chained To The Rhythm,2017
Childish Gambino,Redbone,2017
Khalid,Location,2017
Ed Sheeran,Galway Girl,2017
Kyle & Lil Yachty,I Spy,2017
Demi Lovato,Sorry Not Sorry,2017
J Balvin & Willy William,Mi gente,2017
Taylor Swift,Look What You Made Me Do,2017
Sam Smith,Too Good At Goodbyes,2017
Rihanna,Love On The Brain,2017
Justin Timberlake,Can't Stop The Feeling,2017
Alessia Cara,Scars To Your Beautiful,2017
Rag'n'Bone Man,Human,2017
Harry Styles,Sign Of The Times,2017
"Calvin Harris, Frank Ocean & Migos",Slide,2017
Zayn & Sia,Dusk Till Dawn,2017
Starley,Call On Me,2017
Drake,Passionfruit,2017
Maroon 5 & SZA,What Lovers Do,2017
Marshmello & Khalid,Silence,2017
David Guetta & Justin Bieber,2U,2017
Jonas Blue & William Singe,Mama,2017
Maroon 5 & Kendrick Lamar,I Don't Wanna Know,2017
21 Savage,Bank Account,2017
Jax Jones & RAYE,You Don't Know Me,2017
Clean Bandit & Zara Larsson,Symphony,2017
Drake,Fake Love,2017
DJ Snake & Justin Bieber,Let Me Love You,2017
Rae Sremmurd & Gucci Mane,Black Beatles,2017
Miley Cyrus,Malibu,2017
Maroon 5 & Future,Cold,2017
Cheat Codes & Demi Lovato,No Promises,2017
Khalid,Young Dumb & Broke,2017
Macklemore & Skylar Grey,Glorious,2017
Big Sean,Bounce Back,2017
Shawn Mendes,Mercy,2017
Burak Yeter & Danelle Sandoval,Tuesday,2017
Martin Garrix & Dua Lipa,Scared To Be Lonely,2017
Axwell L Ingrosso,More Than You Know,2017
Robin Schulz & James Blunt,Ok,2017
Machine Gun Kelly & Camila Cabello,Bad Things,2017
Ke$ha,Praying,2017
Yo Gotti & Nicki Minaj,Rake It Up,2017
Migos,T-Shirt,2017
J Balvin & Willy William & Beyonce,Mi gente,2017
Kendrick Lamar,Dna.,2017
Brett Young,In Case You Didn't Know,2017
Halsey,Now Or Never,2017
Kodak Black,Tunnel Vision,2017
Kendrick Lamar & Rihanna,Loyalty.,2017
Lil Pump,Gucci Gang,2017
Twenty One Pilots,Heathens,2017
Ariana Grande & Nicki Minaj,Side To Side,2017
Ayo & Teo,Rolex,2017
Rag'n'Bone Man,Skin,2017
Jon Bellion,All Time Low,2017
Rae Sremmurd,Swang,2017
Shakira & Maluma,Chantaje,2017
Justin Bieber & BloodPop,Friends,2017
Ed Sheeran,Perfect,2018
Drake,God's Plan,2018
Maroon 5 & Cardi B,Girls Like You,2018
"Cardi B, Bad Bunny & J Balvin",I Like It,2018
Camila Cabello & Young Thug,Havana,2018
Bebe Rexha & Florida Georgia Line,Meant To Be,2018
Post Malone & Ty Dolla Sign,Psycho,2018
Post Malone,Better Now,2018
"Zedd, Maren Morris & Grey",The Middle,2018
Juice WRLD,Lucid Dreams (Forget Me),2018
Calvin Harris & Dua Lipa,One Kiss,2018
Marshmello & Anne-Marie,Friends,2018
Drake,In My Feelings,2018
Post Malone & 21 Savage,Rockstar,2018
Drake,Nice For What,2018
XXXTentacion,Sad!,2018
Khalid & Normani,Love Lies,2018
Ariana Grande,No Tears Left To Cry,2018
5 Seconds of Summer,Youngblood,2018
Camila Cabello,Never Be The Same,2018
Dua Lipa,New Rules,2018
Bruno Mars & Cardi B,Finesse,2018
Bazzi,Mine,2018
Travi$ Scott,Sicko Mode,2018
Tyga & Offset,Taste,2018
Clean Bandit & Demi Lovato,Solo,2018
Marshmello & Bastille,Happier,2018
"Benny Blanco, Halsey & Khalid",Eastside,2018
BlocBoy JB & Drake,Look Alive,2018
Ella Mai,Boo'd Up,2018
"Portugal, The Man",Feel It Still,2018
Dynoro & Gigi D'Agostino,In My Mind,2018
Panic! At the Disco,High Hopes,2018
Ed Sheeran,Shape Of You,2018
"Rudimental, Jess Glynne, Macklemore & Dan Caplen",These Days,2018
Eminem & Ed Sheeran,River,2018
Shawn Mendes,In My Blood,2018
Selena Gomez,Back To You,2018
Kendrick Lamar & SZA,All The Stars,2018
"6ix9ine, Nicki Minaj & Murda Beatz",Fefe,2018
Taylor Swift,Delicate,2018
Imagine Dragons,Whatever It Takes,2018
Dennis Lloyd,Nevermind,2018
G-Eazy & Halsey,Him & I,2018
Luis Fonsi & Demi Lovato,Echame la culpa,2018
Dua Lipa,IDGAF,2018
NF,Let You Down,2018
Ariana Grande,God Is A Woman,2018
Calvin Harris & Sam Smith,Promises,2018
Nicky Jam & J Balvin,X,2018
Lil Baby & Drake,Yes Indeed,2018
Imagine Dragons,Natural,2018
Lil Dicky & Chris Brown,Freaky Friday,2018
The Weeknd & Kendrick Lamar,Pray For Me,2018
Lauy,I Like Me Better,2018
Imagine Dragons,Thunder,2018
Justin Timberlake & Chris Stapleton,Say Something,2018
Dan & Shay,Tequila,2018
Drake,Nonstop,2018
David Guetta & Sia,Flames,2018
"DJ Snake, Selena Gomez, Ozuna & Cardi B",Taki Taki,2018
Lady Gaga & Bradley Cooper,Shallow,2018
Tom Walker,Leave A Light On,2018
Selena Gomez & Marshmello,Wolves,2018
Migos & Drake,Walk It Talk It,2018
Keala Settle & The Greatest Showman Ensemble,This Is Me,2018
Halsey,Without Me,2018
"DJ Khaled, Justin Bieber, Quavo, Chance The Rapper & Lil' Wayne",No Brainer,2018
Childish Gambino,This Is America,2018
Post Malone,I Fall Apart,2018
Loud Luxury & Brando,Body,2018
George Ezra,Shotgun,2018
Ariana Grande,"Thank U, Next",2018
Kanye West & Lil Pump,I Love It,2018
Migos,Stir Fry,2018
"Jonas Blue, Jack & Jack",Rise,2018
Offset & Metro Boomin,Ric Flair Drip,2018
XXXTentacion,Moonlight,2018
The Weeknd,Call Out My Name,2018
"Tiesto, Dzeko, Preme & Post Malone",Jackie Chan,2018
Luis Fonsi & Daddy Yankee,Despacito,2018
Kane Brown,Heaven,2018
Ariana Grande,Breathin,2018
Halsey,Bad At Love,2018
"Kodak Black, Travi$ Scott & Offset",Zeze,2018
Rich The Kid,Plug Walk,2018
Daddy Yankee,Dura,2018
Cardi B & 21 Savage,Bartier Cardi,2018
"G-Eazy, ASAP Rocky & Cardi B",No Limit,2018
Charlie Puth,How Long,2018
Sheck Wes,Mo Bamba,2018
Liam Payne & Rita Ora,For You (Fifty Shades Freed),2018
Ella Mai,Trip,2018
Cardi B,Be Careful,2018
Bazzi & Camila Cabello,Beautiful,2018
"YG, 2 Chainz, Big Sean & Nicki Minaj",Big Bank,2018
Dean Lewis,Be Alright,2018
El Profesor,Bella ciao (Hugel Remix),2018
"Migos, Nicki Minaj & Cardi B",MotorSport,2018
Lil Baby & Gunna,Drip Too Hard,2018
Lil Nas X & Billy Ray Cyrus,Old Town Road,2019
Billie Eilish,Bad Guy,2019
Lewis Capaldi,Someone You Loved,2019
Shawn Mendes & Camila Cabello,Senorita,2019
Post Malone & Swae Lee,Sunflower (Spider-Man: Into The Spider-Verse),2019
Ed Sheeran & Justin Bieber,I Don't Care,2019
Post Malone,Wow.,2019
Jonas Brothers,Sucker,2019
Ariana Grande,7 Rings,2019
Ava Max,Sweet But Psycho,2019
Halsey,Without Me,2019
Lady Gaga & Bradley Cooper,Shallow,2019
Lizzo,Truth Hurts,2019
Khalid,Talk,2019
Sam Smith & Normani,Dancing With A Stranger,2019
Panic! At the Disco,High Hopes,2019
Marshmello & Bastille,Happier,2019
Chris Brown & Drake,No Guidance,2019
Post Malone,Circles,2019
Ed Sheeran & Khalid,Beautiful People,2019
Lil Tecca,Ran$om,2019
Lil Nas X,Panini,2019
Post Malone & Young Thug,Goodbyes,2019
"Benny Blanco, Halsey & Khalid",Eastside,2019
Travi$ Scott,Sicko Mode,2019
Tones And I,Dance Monkey,2019
Maroon 5,Memories,2019
Meek Mill & Drake,Going Bad,2019
DaBaby,Suge,2019
Lizzo,Good As Hell,2019
Ariana Grande,"Thank U, Next",2019
Drake & Rick Ross,Money In The Grave,2019
Shawn Mendes,If I Can't Have You,2019
J Cole,Middle Child,2019
Khalid,Better,2019
SHAED,Trampoline,2019
Sam Smith,How Do You Sleep?,2019
Taylor Swift,You Need To Calm Down,2019
Ariana Grande,"Break Up With Your Girlfriend, I'm",2019
Maroon 5 & Cardi B,Girls Like You,2019
Travi$ Scott,Highest In The Room,2019
Selena Gomez,Lose You To Love Me,2019
Jonas Brothers,Only Human,2019
A Boogie Wit Da Hoodie,Look Back At It,2019
Dan & Shay & Justin Bieber,"10,000 Hours",2019
Dean Lewis,Be Alright,2019
Calvin Harris & Rag'n'Bone Man,Giant,2019
Billie Eilish,Bury A Friend,2019
Taylor Swift,Lover,2019
Blanco Brown,The Git Up,2019
Marshmello & Kane Brown,One Thing Right,2019
Bruno Mars & Cardi B,Please Me,2019
Polo G & Lil Tjay,Pop Out,2019
Meduza & Goodboys,Piece Of Your Heart,2019
Mariah Carey,All I Want For Christmas Is You,2019
Young Thug & Gunna,Hot,2019
Mustard & Roddy Ricch,Ballin',2019
Taylor Swift & Brendon Urie,Me!,2019
21 Savage,A Lot,2019
Mark Ronson & Miley Cyrus,Nothing Breaks Like A Heart,2019
Blueface,Thotiana,2019
"DJ Snake, Selena Gomez, Ozuna & Cardi B",Taki Taki,2019
Lil Baby & Gunna,Drip Too Hard,2019
Arizona Zervas,Roxanne,2019
blackbear,Hot Girl Bummer,2019
Kygo & Whitney Houston,Higher Love,2019
Lil Baby & DaBaby,Baby,2019
Daddy Yankee & Snow,Con Calma,2019
"Young Thug, J Cole & Travi$ Scott",The London,2019
Mustard & Migos,Pure Water,2019
Juice WRLD & Youngboy Never Broke Again,Bandit,2019
Wale & Jeremih,On Chill,2019
Pink,Walk Me Home,2019
Y2K & bbno$,Lalala,2019
Post Malone,Better Now,2019
Morgan Wallen,Whiskey Glasses,2019
Pinkfong,Baby Shark,2019
Billie Eilish,When The Party's Over,2019
Bad Bunny & Drake,Mia,2019
5 Seconds of Summer,Youngblood,2019
Blake Shelton,God's Country,2019
"Kodak Black, Travi$ Scott & Offset",Zeze,2019
Dan & Shay,Speechless,2019
Luke Combs,Beautiful Crazy,2019
Old Dominion,One Man Band,2019
Avicii & Aloe Blacc,SOS,2019
A Boogie Wit Da Hoodie & 6ix9ine,Swervin,2019
Calboy,Envy Me,2019
"Ellie Goulding, Diplo & Swae Lee",Close To Me,2019
Summer Walker,Playing Games,2019
Halsey,Graveyard,2019
Luke Combs,Even Though I'm Leaving,2019
Panic! At the Disco,"Hey Look Ma, I Made It",2019
Juice WRLD,Lucid Dreams (Forget Me),2019
Luke Combs,Beer Never Broke My Heart,2019
YNW Melly,Murder On My Mind,2019
Cardi B,Money,2019
Lauren Daigle,You Say,2019
Post Malone & Ozzy Osbourne & Travi$ Scott,Take What You Want,2019
DaBaby,BOP,2019
The Weeknd,Blinding Lights,2020
Roddy Ricch,The Box,2020
Dua Lipa,Don't Start Now,2020
Post Malone,Circles,2020
Future & Drake,Life Is Good,2020
Tones And I,Dance Monkey,2020
Maroon 5,Memories,2020
Lewis Capaldi,Someone You Loved,2020
Harry Styles,Adore You,2020
Billie Eilish,everything i wanted,2020
Arizona Zervas,Roxanne,2020
Justin Bieber & Quavo,Intentions,2020
Trevor Daniel,Falling,2020
Lewis Capaldi,Before You Go,2020
blackbear,Hot Girl Bummer,2020
Drake,Toosie Slide,2020
Maren Morris,The Bones,2020
Lil Mosey,Blueberry Faygo,2020
Doja Cat,Say So,2020
Camila Cabello & DaBaby,My Oh My,2020
Billie Eilish,Bad Guy,2020
Roddy Ricch & Mustard,High Fashion,2020
Eminem & Juice WRLD,Godzilla,2020
Mustard & Roddy Ricch,Ballin',2020
Dan & Shay & Justin Bieber,"10,000 Hours",2020
SAINt JHN,Roses,2020
Halsey,You Should Be Sad,2020
The Weeknd,Heartless,2020
Gabby Barrett,I Hope,2020
Surfaces,Sunday Best,2020
Justin Bieber,Yummy,2020
Selena Gomez,Lose You To Love Me,2020
DaBaby,BOP,2020
Lizzo,Good As Hell,2020
Doja Cat & Nicki Minaj,Say So,2020
Megan Thee Stallion & Beyonce,Savage,2020
Benee & Gus Dapperton,Supalonely,2020
Dua Lipa,Break My Heart,2020
Pop Smoke,Dior,2020
Shawn Mendes & Camila Cabello,Senorita,2020
SAINt JHN,Roses (Imanbek Remix),2020
DaBaby & Roddy Ricch,Rockstar,2020
Morgan Wallen,Chasin' You,2020
Blake Shelton Duet With Gwen Stefani,Nobody But You,2020
The Black Eyed Peas & J Balvin,RITMO (Bad Boys For Life),2020
Karol G & Nicki Minaj,Tusa,2020
Lady GaGa,Stupid Love,2020
Travi$ Scott,Highest In The Room,2020
Regard,Ride It,2020
Chris Brown & Drake,No Guidance,2020
Jonas Brothers,What A Man Gotta Do,2020
Lil Baby,Woah,2020
Dua Lipa,Physical,2020
The Scotts,The Scotts,2020
Carly Pearce & Lee Brice,I Hope You're Happy Now,2020
Rod Wave,Heart On Ice,2020
Topic & A7s,Breaking Me,2020
The Weeknd,In Your Eyes,2020
Harry Styles,Watermelon Sugar,2020
Lil Baby,Sum 2 Prove,2020
Lady Gaga & Ariana Grande,Rain On Me,2020
Powfu & Beabadoobee,Death Bed,2020
Powfu & beabadoobee,Death Bed,2020
Jhene Aiko,P*$$y Fairy (OTW),2020
Ariana Grande & Justin Bieber,Stuck With U,2020
"Jack Harlow & DaBaby, Tory Lanez & Lil Wayne",WHATS POPPIN,2020
Ed Sheeran & Justin Bieber,I Don't Care,2020
H.E.R. & YG,Slide,2020
Kane Brown,Homesick,2020
Ingrid Andress,More Hearts Than Mine,2020
SHAED,Trampoline,2020
JACKBOYS & Young Thug,OUT WEST,2020
Russ & BIA,BEST ON EARTH,2020
Lil Baby,Emotionally Scarred,2020
Luke Combs & Eric Church,Does To Me,2020
StaySolidRocky,Party Girl,2020
Dababy & Roddy Ricch,Rockstar,2020
6ix9ine,Gooba,2020
PARTYNEXTDOOR & Rihanna,Believe It,2020
Lil Nas X & Billy Ray Cyrus,Old Town Road,2020
Khalid & Disclosure,Know Your Worth,2020
Jordan Davis,Slow Dance In A Parking Lot,2020
Meduza & Becky Hill & Goodboys,Lose Control,2020
Megan Thee Stallion,Savage,2020
Sam Hunt,Hard To Forget,2020
Thomas Rhett & Jon Pardi,Beer Can't Fix,2020
Marshmello & Halsey,Be Kind,2020
Brett Young,Catch,2020
Ed Sheeran & Camila Cabello & Cardi B,South Of The Border,2020
Robin Schulz & Alida,In Your Eyes,2020
Luke Bryan,What She Wants Tonight,2020
Doja Cat & Tyga,Juicy,2020
Jake Owen,Homemade,2020
JP Saxe & Julia Michaels,If The World Was Ending,2020
Billie Eilish,No Time To Die,2020
NLE Choppa & Roddy Ricch,Walk Em Down,2020
Old Dominion,One Man Band,2020
"Diplo, Thomas Wesley & Morgan Wallen",Heartless,2020
Young T & Bugsey & Headie One,Don't Rush,2020
The Weeknd,After Hours,2020